census_year,census_subdivision_id,tmax01,tmax07,tmin01,tmin07,tave01,tave07,map,pas,mar
2011,5901003,-3.9,21.5,-12.2,6.8,-8.1,14.2,599,251,348
2011,5901006,-5.1,18.5,-11.7,6.9,-8.4,12.7,719,373,346
2011,5901012,-1.3,24.6,-9.9,8.4,-5.6,16.5,812,247,565
2011,5901017,-3,22.1,-11.1,7,-7.1,14.6,591,211,380
2011,5901019,-0.7,27.2,-8.7,9.7,-4.7,18.4,470,111,359
2011,5901022,-1.8,25.9,-10,9.2,-5.9,17.6,426,117,309
2011,5901028,-2.5,24.7,-10.2,9.3,-6.4,17,525,176,349
2011,5901035,-1.1,26.4,-9.6,9.3,-5.3,17.9,408,98,310
2011,5901037,-2.9,21.2,-10.6,8.4,-6.8,14.8,732,327,405
2011,5901039,-2.7,25.5,-10.6,9.2,-6.6,17.4,381,111,270
2011,5901040,-2.9,25.1,-10.6,9.1,-6.7,17.1,388,109,279
2011,5901043,-2,26.3,-11,9.9,-6.5,18.1,376,102,274
2011,5901046,-3.5,24,-12,7.8,-7.7,15.9,485,163,322
2011,5901048,-5.3,18,-12.6,6,-8.9,12,828,402,426
2011,5901801,-1,27.2,-8.5,9.4,-4.8,18.3,445,103,342
2011,5901802,-0.9,27,-9.6,9.5,-5.3,18.2,384,91,293
2011,5901803,-1.3,26.6,-9.9,9.4,-5.6,18,389,97,292
2011,5901804,-2.9,25.7,-11.1,9,-7,17.3,403,122,281
2011,5901805,-1,26.5,-9.6,9.3,-5.3,17.9,413,99,314
2011,5901806,-3,25.1,-10.8,9,-6.9,17.1,394,116,278
2011,5903004,0.7,26.6,-5.4,11.2,-2.3,18.9,603,116,487
2011,5903010,0.8,26,-4,11.7,-1.6,18.9,773,131,642
2011,5903011,0.5,27.3,-4.9,10.9,-2.2,19.1,773,132,641
2011,5903013,-1.1,25.2,-7.9,10.2,-4.5,17.7,654,188,466
2011,5903015,0.7,27,-3.9,11.6,-1.6,19.3,709,113,596
2011,5903017,-3.3,19.9,-8.9,8.1,-6.1,14,1272,601,671
2011,5903019,0.8,26.7,-4.1,11.5,-1.6,19.1,740,126,614
2011,5903023,0.7,25.6,-4.1,11.5,-1.7,18.5,816,146,670
2011,5903027,0.7,26,-4.1,11.6,-1.7,18.8,814,133,681
2011,5903032,0.7,26,-4.1,11.6,-1.7,18.8,801,131,670
2011,5903039,-2.7,22.9,-7.7,9.5,-5.2,16.2,824,301,523
2011,5903041,-2.9,20.1,-8.1,8.9,-5.5,14.5,1458,694,764
2011,5903043,-3.5,18.8,-8.8,9.4,-6.1,14.1,1317,667,650
2011,5903045,0.7,27.5,-3.8,11.9,-1.5,19.7,721,111,610
2011,5903047,0.5,27.3,-4.9,10.9,-2.2,19.1,769,132,637
2011,5903050,0.8,26.3,-4.2,11.2,-1.7,18.8,790,130,660
2011,5903052,0.1,25.8,-4.4,11.2,-2.1,18.5,797,153,644
2011,5903056,-2.7,21.1,-8.4,9.3,-5.6,15.2,1081,485,596
2011,5903058,-0.6,25.1,-5.1,11.1,-2.8,18.1,845,200,645
2011,5903060,0,25.9,-5,10.9,-2.5,18.4,785,155,630
2011,5903807,1,27.1,-5.1,11.6,-2.1,19.4,537,98,439
2011,5905005,0.5,28,-4.7,11.5,-2.1,19.8,713,125,588
2011,5905009,0.4,28,-4.6,11.6,-2.1,19.8,692,121,571
2011,5905014,0.6,28.3,-4.3,11.9,-1.8,20.1,716,117,599
2011,5905018,0.5,27.8,-4.5,11.8,-2,19.8,742,129,613
2011,5905023,-1.7,23.3,-6.8,10.8,-4.3,17.1,960,318,642
2011,5905026,0.4,27.9,-4.7,11.5,-2.1,19.7,717,129,588
2011,5905030,-2,21.4,-7.8,10.2,-4.9,15.8,907,349,558
2011,5905032,0.3,28.8,-5.7,11.3,-2.7,20,474,92,382
2011,5905037,-0.3,28.4,-6.7,10.8,-3.5,19.6,382,80,302
2011,5905042,-1.2,26.6,-8.1,9.1,-4.6,17.9,498,139,359
2011,5905050,0.3,28.5,-4.6,11.8,-2.1,20.1,529,90,439
2011,5905052,-2.3,22.9,-8.8,8.7,-5.6,15.8,655,268,387
2011,5905054,-1.8,23.6,-9,7.4,-5.4,15.5,576,200,376
2011,5907005,1.7,29.9,-3.7,14.8,-1,22.3,297,32,265
2011,5907009,0.9,28.4,-4.4,14.1,-1.7,21.3,290,38,252
2011,5907014,1.6,29.5,-3.6,14.8,-1,22.2,299,30,269
2011,5907022,1.7,29.8,-3.7,14.8,-1,22.3,298,32,266
2011,5907024,-0.7,26.4,-8,9.7,-4.4,18.1,426,115,311
2011,5907026,1.2,28.7,-4.1,14.8,-1.4,21.7,302,36,266
2011,5907028,-0.3,24.5,-7.5,10.4,-3.9,17.5,450,113,337
2011,5907035,0.7,25.8,-4.4,12.2,-1.9,19,359,53,306
2011,5907041,1.3,27.6,-3.4,13.5,-1,20.5,301,31,270
2011,5907047,1.2,28.3,-3.7,13.5,-1.2,20.9,307,33,274
2011,5907049,-2.9,20.8,-8.6,7.9,-5.7,14.4,708,278,430
2011,5907051,-1,23.1,-6.9,9.8,-3.9,16.5,455,132,323
2011,5907053,0.3,27,-4.9,12.8,-2.3,19.9,373,57,316
2011,5907055,-1,24.9,-8.5,8.8,-4.8,16.9,516,161,355
2011,5907801,1.2,28.8,-4.1,14.7,-1.4,21.7,299,36,263
2011,5907802,1.2,29,-4,14.4,-1.4,21.7,310,34,276
2011,5907803,1,27.1,-3.8,13,-1.4,20,330,39,291
2011,5907805,1.3,28.8,-4.1,14.9,-1.4,21.9,296,36,260
2011,5907806,0.7,28.1,-4.5,14.1,-1.9,21.1,318,43,275
2011,5907807,0,27.1,-5.6,11.5,-2.8,19.3,366,57,309
2011,5907808,0.2,26.5,-5.1,12.7,-2.5,19.6,382,62,320
2011,5907809,-0.7,23.3,-6.7,10.1,-3.7,16.7,457,118,339
2011,5909009,4.6,24.1,0,13.4,2.3,18.8,1573,78,1495
2011,5909014,1.5,26.4,-4.6,12,-1.5,19.2,846,162,684
2011,5909016,2.4,22.5,-2.3,11.4,0.1,16.9,1593,192,1401
2011,5909020,6.3,24.2,0.8,12.8,3.6,18.5,1584,52,1532
2011,5909027,5.5,24.3,0.5,13,3,18.7,1904,74,1830
2011,5909032,5.8,24.4,0.7,13,3.3,18.7,1810,66,1744
2011,5909034,1.9,19.7,-3,10.2,-0.6,14.9,2433,399,2034
2011,5909036,3.9,22.2,-0.7,11.5,1.6,16.8,1470,113,1357
2011,5909048,3.6,23.8,-0.9,12,1.3,17.9,1575,131,1444
2011,5909052,6.5,23.8,1,12.2,3.8,18,1636,51,1585
2011,5909056,5.2,22.3,0.2,11.9,2.7,17.1,2517,130,2387
2011,5909060,4.6,22.5,0.2,11.8,2.4,17.1,2174,125,2049
2011,5909062,6.3,24.1,1,12.7,3.7,18.4,1664,52,1612
2011,5909804,4.8,24.2,0.1,13.2,2.5,18.7,1877,86,1791
2011,5909805,1.9,28.2,-3.6,13.5,-0.8,20.9,621,93,528
2011,5909806,1.9,27.2,-3.5,13.1,-0.8,20.1,821,120,701
2011,5909807,5.1,24.2,0.3,13.2,2.7,18.7,1960,84,1876
2011,5909808,4.3,24.1,-0.3,13.4,2,18.7,1585,89,1496
2011,5909809,3,25.3,-1.5,13.3,0.7,19.3,1571,144,1427
2011,5909810,5,24.2,0.2,13.2,2.6,18.7,1928,84,1844
2011,5909812,4.3,23.9,-0.3,13.2,2,18.5,1650,92,1558
2011,5909814,5,24.2,0.2,13.2,2.6,18.7,1981,89,1892
2011,5909815,1.9,27.4,-3.7,13,-0.9,20.2,736,114,622
2011,5909816,2.8,26.4,-1.8,13.3,0.5,19.9,1213,118,1095
2011,5909817,2.1,27.7,-2.7,13.7,-0.3,20.7,815,102,713
2011,5909818,3.7,24.8,-0.9,13.1,1.4,19,1591,120,1471
2011,5909819,1.8,27.5,-3.9,12.9,-1.1,20.2,659,105,554
2011,5909821,6.3,24.2,0.9,12.8,3.6,18.5,1596,51,1545
2011,5909824,6.3,24.2,0.9,12.8,3.6,18.5,1603,52,1551
2011,5909825,6.3,24.2,0.9,12.8,3.6,18.5,1603,52,1551
2011,5909826,6.3,24.2,0.9,12.9,3.6,18.5,1608,51,1557
2011,5909827,6.1,24,0.7,12.6,3.4,18.3,1592,56,1536
2011,5909830,6.2,24.1,0.8,12.7,3.5,18.4,1586,53,1533
2011,5909831,6.3,24.2,0.8,12.8,3.5,18.5,1584,52,1532
2011,5909832,5.4,24.2,0.6,13,3,18.6,1806,68,1738
2011,5909833,6.1,24.2,0.9,12.8,3.5,18.5,1619,54,1565
2011,5909834,5.8,24.2,0.6,13,3.2,18.6,1654,60,1594
2011,5909835,6.3,24.2,0.9,12.9,3.6,18.5,1599,51,1548
2011,5909836,1.9,27.1,-3.3,13,-0.7,20,878,129,749
2011,5909837,5.7,24.1,0.5,12.8,3.1,18.4,1663,63,1600
2011,5909838,6,24.2,0.8,12.8,3.4,18.5,1607,54,1553
2011,5909839,5.9,24.3,0.8,12.9,3.4,18.6,1675,60,1615
2011,5909841,4.2,24.1,-0.4,13.4,1.9,18.8,1558,92,1466
2011,5909842,5.3,24.8,0.6,12.7,2.9,18.7,1488,68,1420
2011,5909843,5.2,24.2,0.5,13.2,2.8,18.7,1819,73,1746
2011,5909844,5.7,24.2,0.6,12.9,3.1,18.6,1731,63,1668
2011,5909845,2.4,26.1,-2.9,11,-0.2,18.5,1121,129,992
2011,5909847,1.9,27.9,-3.3,13.4,-0.7,20.7,757,106,651
2011,5909848,4.9,24.8,0.3,12.5,2.6,18.7,1439,73,1366
2011,5909849,6.2,24.2,0.9,12.8,3.6,18.5,1594,52,1542
2011,5909852,-0.6,26.8,-5,10.6,-2.8,18.7,934,215,719
2011,5909875,-0.4,26.7,-4.9,10.6,-2.6,18.6,1037,224,813
2011,5909876,3.9,24.5,-0.7,13.3,1.6,18.9,1600,106,1494
2011,5909877,6.4,24,0.9,12.4,3.7,18.2,1574,50,1524
2011,5909878,6.5,23.7,1.1,12.1,3.8,17.9,1656,52,1604
2011,5909879,6.1,23.8,0.7,12.7,3.4,18.3,1739,62,1677
2011,5909880,6.3,24.1,1,12.9,3.6,18.5,1677,52,1625
2011,5909881,6.3,24.2,1,12.9,3.7,18.5,1623,50,1573
2011,5909882,6.2,24.1,0.9,12.8,3.5,18.4,2000,70,1930
2011,5909883,1.9,25.9,-3.5,10.8,-0.8,18.4,1235,175,1060
2011,5909884,6.3,24.2,0.8,12.8,3.5,18.5,1584,52,1532
2011,5909885,6.3,24.2,0.9,12.8,3.6,18.5,1590,51,1539
2011,5915001,6.3,22.8,0.8,11.7,3.6,17.3,1548,55,1493
2011,5915002,6.7,23,1.2,12,3.9,17.5,1459,44,1415
2011,5915004,6.6,22.9,1.3,12.4,3.9,17.6,1433,45,1388
2011,5915007,6.7,22.5,1.3,12.2,4,17.3,1307,40,1267
2011,5915011,6.8,22.7,1.6,12.9,4.2,17.8,1070,30,1040
2011,5915015,6.9,22.7,1.9,13.3,4.4,18,1128,30,1098
2011,5915020,5.1,21.5,0.5,11.9,2.8,16.7,3133,166,2967
2011,5915022,6.8,22.7,1.7,13.2,4.3,17.9,1383,39,1344
2011,5915025,6.7,23.1,1.7,13.2,4.2,18.2,1512,42,1470
2011,5915029,6.5,22.9,1.3,12.7,3.9,17.8,1438,46,1392
2011,5915034,6.3,23.2,1.2,12.7,3.8,18,2097,70,2027
2011,5915036,6.5,23.1,1.5,12.9,4,18,1871,57,1814
2011,5915038,4.1,20.3,-1.1,10.7,1.5,15.5,3541,339,3202
2011,5915039,6.4,23.5,1.3,12.8,3.8,18.1,1711,54,1657
2011,5915043,6.5,23.2,1.5,13,4,18.1,1867,56,1811
2011,5915046,5.9,22.4,1.2,12.6,3.5,17.5,2320,88,2232
2011,5915051,6.8,22.8,1.7,13.1,4.3,18,1532,43,1489
2011,5915055,3.6,19.3,-1.5,10.2,1,14.7,2704,323,2381
2011,5915062,5.4,21.5,0.9,12.2,3.2,16.8,1627,74,1553
2011,5915065,6.4,22.2,1.7,13.1,4,17.6,1762,55,1707
2011,5915070,6.4,23.7,1.1,12.5,3.8,18.1,1634,53,1581
2011,5915075,5.8,23,0.7,12,3.2,17.5,1923,79,1844
2011,5915801,6.8,22.7,1.3,12.2,4.1,17.4,1279,37,1242
2011,5915802,6.9,22.6,1.6,12.8,4.2,17.7,1023,29,994
2011,5915803,6.9,22.7,1.8,13.3,4.4,18,1211,33,1178
2011,5915804,6.4,23.5,1.3,12.8,3.8,18.1,1711,54,1657
2011,5915805,6.4,23.5,1.3,12.8,3.8,18.1,1640,52,1588
2011,5915806,6.8,23.1,1.7,13.1,4.2,18.1,1662,47,1615
2011,5915807,7,22.9,1.9,13.4,4.5,18.1,1470,37,1433
2011,5915808,7.1,22.9,2.1,13.5,4.6,18.2,1469,36,1433
2011,5915809,6.4,23.4,1.1,12.5,3.8,17.9,1573,51,1522
2011,5915810,6.8,22.7,1.7,12.9,4.2,17.8,1035,29,1006
2011,5915811,7,23.2,1.9,13.3,4.4,18.2,1546,40,1506
2011,5915813,6.5,23.5,1,12.4,3.8,17.9,1595,51,1544
2011,5915816,6.4,23.5,1,12.2,3.7,17.8,1594,52,1542
2011,5915825,6.6,22.9,1,11.8,3.8,17.3,1478,49,1429
2011,5915830,6.5,23.5,1.1,12.4,3.8,18,1592,51,1541
2011,5915835,6,23.2,0.8,12,3.4,17.6,1690,62,1628
2011,5915840,6.3,23.6,1,12.1,3.6,17.8,1693,57,1636
2011,5917005,7.6,22.9,2.1,11.8,4.8,17.3,891,24,867
2011,5917010,7.7,22.8,2.3,11.7,5,17.3,859,21,838
2011,5917015,7.5,22.7,2.4,11.7,4.9,17.2,909,24,885
2011,5917021,7.7,22.5,2.6,11.6,5.1,17.1,864,21,843
2011,5917027,6.4,22.3,1.3,11.8,3.8,17.1,971,38,933
2011,5917029,7.2,22.5,2,11.9,4.6,17.2,819,23,796
2011,5917030,7.9,22,2.8,11.6,5.4,16.8,751,16,735
2011,5917034,7.8,21.9,2.7,11.6,5.3,16.7,790,18,772
2011,5917040,7.8,21.8,2.7,11.6,5.3,16.7,842,19,823
2011,5917041,7.8,21.7,2.7,11.5,5.2,16.6,929,22,907
2011,5917042,7.2,21.6,2.2,11.2,4.7,16.4,1063,31,1032
2011,5917044,7.1,22.4,2.1,11.4,4.6,16.9,1055,32,1023
2011,5917047,7.6,22.2,2.5,11.6,5,16.9,926,23,903
2011,5917049,6.3,22.6,1.5,11.5,3.9,17,1048,43,1005
2011,5917052,7.9,20.7,2.5,11.2,5.2,15.9,1278,31,1247
2011,5917054,6.4,21.5,1.8,10.9,4.1,16.2,1124,44,1080
2011,5917056,5.7,21.4,1,10.5,3.3,16,2719,134,2585
2011,5917801,6.8,22.7,1.7,11.6,4.2,17.2,930,32,898
2011,5917802,7.6,22.9,2,11.8,4.8,17.3,894,24,870
2011,5917803,7.8,22.8,2.7,11.7,5.2,17.3,853,20,833
2011,5917804,7.5,22.7,2.4,11.7,5,17.2,943,24,919
2011,5917805,7,22.8,1.7,12.5,4.4,17.6,1001,30,971
2011,5917809,7.8,20.9,2.7,11.2,5.2,16,1049,25,1024
2011,5917811,7.9,21.8,2.8,11.6,5.3,16.7,864,19,845
2011,5917812,7.8,21.9,2.7,11.6,5.2,16.7,855,20,835
2011,5917815,7,18.5,2.3,10.7,4.6,14.6,2836,85,2751
2011,5917819,8,20,2.7,11.2,5.3,15.6,1255,29,1226
2011,5919008,6.9,23.5,1.4,12.6,4.1,18,1150,39,1111
2011,5919012,7.3,23.6,1.5,12.5,4.4,18.1,1161,36,1125
2011,5919013,7.2,23.3,1.5,12.2,4.4,17.8,1072,34,1038
2011,5919015,6.5,22.7,1.4,12.5,4,17.6,1014,36,978
2011,5919016,5.3,23.7,0.6,11.1,2.9,17.4,1864,108,1756
2011,5919017,6.5,23.3,1.5,12.8,4,18,1038,37,1001
2011,5919021,6.3,23.3,1.4,12.7,3.8,18,1134,44,1090
2011,5919033,4.9,21.5,0.5,10.1,2.7,15.8,3433,224,3209
2011,5919035,2.4,18.6,-2,9,0.2,13.8,2715,548,2167
2011,5919043,6.7,23,1.4,11.8,4,17.4,1135,43,1092
2011,5919046,6.2,23.3,0.9,11.8,3.6,17.5,1417,64,1353
2011,5919049,7.1,23.1,1.5,12.1,4.3,17.6,1058,34,1024
2011,5919051,6.3,23.7,1,12.1,3.7,17.9,1312,54,1258
2011,5919801,6.9,23.4,1.5,12.6,4.2,18,1099,37,1062
2011,5919802,7.1,23.4,1.5,12.6,4.3,18,1065,34,1031
2011,5919803,7.1,23.4,1.6,12.7,4.4,18,1069,33,1036
2011,5919804,6.9,23.2,1.5,12.8,4.2,18,1041,34,1007
2011,5919808,7.2,23.5,1.5,12.3,4.3,17.9,1094,35,1059
2011,5919809,6.9,23,1.4,12.4,4.1,17.7,1016,34,982
2011,5919811,6.8,22.8,1.6,12.8,4.2,17.8,1014,32,982
2011,5919812,5.2,23.6,0.5,11.1,2.8,17.4,1886,112,1774
2011,5919814,6.7,21,1.7,11.1,4.2,16,3108,105,3003
2011,5919815,7,23,1.6,11.8,4.3,17.4,1057,35,1022
2011,5919816,6.3,23.2,1.5,12.7,3.9,18,1057,40,1017
2011,5919817,7.1,22.8,1.8,12.6,4.4,17.7,1002,29,973
2011,5919818,7.1,23.5,1.4,12.3,4.2,17.9,1123,37,1086
2011,5919820,6.8,23.3,1.3,12.1,4.1,17.7,1136,41,1095
2011,5919821,6.5,23.8,1.1,12.2,3.8,18,1372,55,1317
2011,5919822,7.3,23.6,1.6,12.5,4.4,18,1117,34,1083
2011,5921007,6.6,22.7,1.3,12.7,4,17.7,1031,37,994
2011,5921008,5.7,22.5,0.8,12.3,3.3,17.4,1086,54,1032
2011,5921010,6.9,23,1.4,12.7,4.1,17.9,1019,35,984
2011,5921014,7,22.4,1.8,13,4.4,17.7,1013,31,982
2011,5921016,2.6,19.5,-1.6,9.7,0.5,14.6,1876,327,1549
2011,5921018,6.8,22.9,1.5,12.8,4.2,17.9,987,34,953
2011,5921023,6.2,22.9,1,12.2,3.6,17.5,1073,46,1027
2011,5921030,6.7,22.7,1.3,12.7,4,17.7,965,35,930
2011,5921032,5.4,22.3,0.5,11.7,3,17,1244,71,1173
2011,5921034,6.7,23,1.4,12.6,4,17.8,1023,37,986
2011,5921036,5.4,22.8,0.6,11.5,3,17.1,1377,78,1299
2011,5921804,6.7,22.7,1.6,12.9,4.2,17.8,1007,34,973
2011,5921805,6.3,22.6,1.2,12.7,3.8,17.7,1013,41,972
2011,5921806,6.2,23.6,1.1,12.1,3.7,17.8,1174,48,1126
2011,5921807,7,22.9,1.6,12.9,4.3,17.9,1003,32,971
2011,5923008,5.4,24.5,0.6,11.7,3,18.1,2074,100,1974
2011,5923019,7.9,17.5,3,11.2,5.5,14.3,3112,68,3044
2011,5923025,8.1,18.5,2.9,11.1,5.5,14.8,3037,63,2974
2011,5923033,4.8,24.5,0.3,11.4,2.6,17.9,2110,126,1984
2011,5923035,2.9,21.1,-1.6,10.3,0.7,15.7,4274,536,3738
2011,5923037,5.1,24.6,0.5,11.6,2.8,18.1,2092,112,1980
2011,5923039,4.9,23.8,0.3,11.4,2.6,17.6,2381,135,2246
2011,5923047,4.1,20.7,-0.2,10,1.9,15.4,3763,320,3443
2011,5923049,3.9,19.3,-0.4,10.2,1.7,14.8,4070,361,3709
2011,5923801,5.5,24.7,0.6,11.7,3.1,18.2,2082,98,1984
2011,5923802,5.1,24.2,0.5,11.5,2.8,17.9,2254,120,2134
2011,5923803,7.5,18.2,2.3,11.1,4.9,14.7,2822,74,2748
2011,5923804,7.7,17.8,2.6,11.1,5.1,14.5,3187,79,3108
2011,5923805,5.8,20.1,1.2,11.5,3.5,15.8,3093,129,2964
2011,5923806,8.4,18,2.8,11.2,5.6,14.6,3025,63,2962
2011,5923807,7.6,17.6,2.6,11.2,5.1,14.4,3143,77,3066
2011,5923808,7.9,18.3,2.7,11.2,5.3,14.7,3015,68,2947
2011,5923809,6.8,19.9,1.7,11.3,4.3,15.6,2952,95,2857
2011,5923810,7.4,18.1,2.4,11.3,4.9,14.7,3164,84,3080
2011,5923813,7.9,18.5,2.8,11.1,5.4,14.8,3033,65,2968
2011,5923814,7.4,18.6,2.1,11.1,4.7,14.8,2812,79,2733
2011,5923816,5.2,24.6,0.5,11.6,2.8,18.1,2080,108,1972
2011,5923822,5.3,24.8,0.5,11.6,2.9,18.2,2093,106,1987
2011,5923823,7.9,18.4,2.4,11,5.2,14.7,3162,77,3085
2011,5923824,7.8,18.2,2.5,11.1,5.1,14.7,3118,77,3041
2011,5923825,8.1,18.5,2.9,11.1,5.5,14.8,3032,63,2969
2011,5924025,4.4,23.5,-0.1,11,2.1,17.3,2951,215,2736
2011,5924029,6.5,21,1.2,11.1,3.9,16.1,4312,164,4148
2011,5924030,6.5,21.4,1.6,11.5,4.1,16.5,3839,139,3700
2011,5924034,5.1,22.9,0.2,11.6,2.7,17.3,1486,83,1403
2011,5924039,4.9,21.7,0.9,11.4,2.9,16.5,1821,90,1731
2011,5924042,2.6,22,-1.5,10.4,0.6,16.2,1617,204,1413
2011,5924048,6.8,21.5,1.8,11.7,4.3,16.6,3661,118,3543
2011,5924052,5.8,23.2,0.8,12.1,3.3,17.6,1359,59,1300
2011,5924054,4.9,22.6,0.6,11.6,2.7,17.1,2127,114,2013
2011,5924803,6.2,22.4,1.1,11.9,3.7,17.2,3032,122,2910
2011,5924804,5.9,23.2,0.7,12,3.3,17.6,1458,62,1396
2011,5924805,7,19.4,1.9,11.2,4.4,15.3,3616,111,3505
2011,5924806,8,18.4,2.5,11.1,5.2,14.7,3414,85,3329
2011,5924812,5.3,23,0.3,11.7,2.8,17.3,1488,78,1410
2011,5924813,8.4,18,2.6,11.1,5.5,14.6,3330,74,3256
2011,5924814,8.1,18.6,2.7,11.3,5.4,15,3198,71,3127
2011,5924817,5.5,23,0.4,11.7,2.9,17.3,1455,73,1382
2011,5924818,5.9,23.3,1,12.2,3.5,17.8,1383,56,1327
2011,5924820,5.5,23.1,0.8,12,3.1,17.6,1427,67,1360
2011,5924833,6.9,20.2,1.6,11.2,4.2,15.7,4182,139,4043
2011,5924835,4.6,24.2,0,11,2.3,17.6,2686,181,2505
2011,5924836,6.5,21,1.2,11.1,3.8,16.1,4375,169,4206
2011,5924840,5.3,23,0.3,11.6,2.8,17.3,1465,78,1387
2011,5926005,6.1,23,0.8,12.1,3.4,17.6,1290,58,1232
2011,5926010,6.1,23.1,0.8,12,3.5,17.5,1345,59,1286
2011,5926014,4.8,22.8,0,11.4,2.4,17.1,1688,111,1577
2011,5926021,5.7,23.1,0.8,11.9,3.3,17.5,1266,63,1203
2011,5926022,6.4,23,1.2,12.5,3.8,17.7,1250,49,1201
2011,5926024,2.5,19.4,-2.7,9,-0.1,14.2,2528,448,2080
2011,5926801,6.1,23.1,0.8,12.1,3.5,17.6,1322,58,1264
2011,5926802,6.3,23.2,0.8,12,3.6,17.6,1361,59,1302
2011,5927008,6.1,22.4,1.5,12.7,3.8,17.6,1187,44,1143
2011,5927010,-0.2,16.6,-6.7,6.2,-3.5,11.4,2823,1274,1549
2011,5927012,5.3,22.2,0.9,12.2,3.1,17.2,1361,66,1295
2011,5927016,5.6,22.5,1.3,12.5,3.5,17.5,1479,63,1416
2011,5927018,6.5,22.5,1.9,13,4.2,17.7,1064,37,1027
2011,5927020,6.7,22.7,1.6,12.9,4.1,17.8,970,34,936
2011,5927802,6.4,22.7,1.6,12.7,4,17.7,1175,40,1135
2011,5927806,6.4,22.6,2,13.1,4.2,17.8,1140,36,1104
2011,5929005,6.5,21.6,1.9,13,4.2,17.3,1407,44,1363
2011,5929011,6,21.7,1.4,12.5,3.7,17.1,1199,45,1154
2011,5929018,1.1,17.9,-4.6,8.3,-1.8,13.1,3048,972,2076
2011,5929022,1.9,17.7,-3.1,9,-0.6,13.3,2525,609,1916
2011,5929024,6.8,21.8,2.1,13.2,4.5,17.5,1143,32,1111
2011,5929026,6.9,21.7,2.2,13.4,4.6,17.5,1298,35,1263
2011,5929028,3.8,19.5,-1.3,10.2,1.3,14.8,2717,299,2418
2011,5929801,6.9,21.9,2.2,13.4,4.6,17.6,1493,40,1453
2011,5929803,4.1,23.2,-0.2,11.8,1.9,17.5,2333,160,2173
2011,5931006,5.4,22.9,0.2,12.4,2.8,17.7,2107,100,2007
2011,5931012,0.8,26,-4.8,10.1,-2,18.1,1034,214,820
2011,5931017,-3.6,12,-8.9,4,-6.2,8,2087,1479,608
2011,5931020,1.2,22.2,-4.3,9.2,-1.6,15.7,1578,354,1224
2011,5931021,2.8,23.5,-2.4,10.3,0.2,16.9,1735,227,1508
2011,5931026,0.8,27.7,-5.7,13.1,-2.4,20.4,323,61,262
2011,5931032,-1.3,22.7,-8,8,-4.7,15.4,657,257,400
2011,5931034,-1.1,23.3,-7.4,9.2,-4.2,16.3,554,182,372
2011,5931801,5.2,23.3,-0.1,12.1,2.6,17.7,2126,113,2013
2011,5931802,5.5,22.9,0.3,12.5,2.9,17.7,2101,98,2003
2011,5931806,5.4,23,0.1,12.4,2.8,17.7,2116,102,2014
2011,5931807,5.5,22.7,0.5,12.5,3,17.6,2192,99,2093
2011,5931808,5.3,23.1,0,12.2,2.7,17.7,2141,108,2033
2011,5931809,5.6,22.9,0.5,12.5,3,17.7,2223,100,2123
2011,5931812,-0.4,27,-4.6,11,-2.5,19,859,183,676
2011,5931813,-1.6,23.6,-7.9,10,-4.7,16.8,471,145,326
2011,5931814,1,28.5,-5.1,13.6,-2.1,21.1,332,54,278
2011,5931815,-1.8,22.4,-8.4,10,-5.1,16.2,496,166,330
2011,5931816,0,26.4,-6.7,12.3,-3.4,19.3,383,81,302
2011,5931817,-0.2,26.5,-7,12.2,-3.6,19.4,369,83,286
2011,5931818,0.8,27.9,-5.5,13.2,-2.4,20.5,366,64,302
2011,5931819,0.3,26.8,-6.3,12.5,-3,19.6,378,76,302
2011,5931820,-1.5,23.3,-8.4,10.1,-4.9,16.7,467,144,323
2011,5931821,0.9,28.2,-5.2,13.4,-2.2,20.8,330,56,274
2011,5931822,-1.2,24.1,-8,10.6,-4.6,17.4,447,128,319
2011,5931823,0.9,28.4,-5.1,13.6,-2.1,21,326,54,272
2011,5931824,0.9,28.1,-5.1,13.5,-2.1,20.8,379,62,317
2011,5931826,0.4,27.6,-5.1,12,-2.4,19.8,480,95,385
2011,5931827,0.9,28,-5.2,13.9,-2.1,20.9,381,63,318
2011,5931828,0,26.3,-6.6,12.2,-3.3,19.3,400,88,312
2011,5931829,-1.3,24.9,-8.3,10.6,-4.8,17.7,371,102,269
2011,5931831,0.7,27.5,-4.9,12.4,-2.1,20,463,88,375
2011,5931832,0.5,27.4,-5.7,13.4,-2.6,20.4,412,76,336
2011,5931833,0.4,27.6,-5.1,12.2,-2.3,19.9,485,95,390
2011,5931842,0.3,26.7,-6.4,12.4,-3.1,19.5,382,79,303
2011,5931843,0.5,25.5,-5.3,10,-2.4,17.7,913,198,715
2011,5931844,0.1,27.6,-4.9,11.7,-2.4,19.7,577,117,460
2011,5933006,0.4,25.7,-7.2,9.7,-3.4,17.7,293,68,225
2011,5933008,-0.4,24,-8.7,8.4,-4.6,16.2,330,90,240
2011,5933012,-0.2,23.5,-8.2,8.4,-4.2,16,561,197,364
2011,5933015,1.1,28,-4.6,13.8,-1.7,20.9,435,77,358
2011,5933019,-0.3,27.4,-7.1,12.6,-3.7,20,294,55,239
2011,5933024,-0.4,27.3,-7.1,12.3,-3.8,19.8,289,51,238
2011,5933028,-1.6,24.2,-9.5,9.2,-5.6,16.7,396,83,313
2011,5933032,-2.3,21.9,-11.2,6.9,-6.8,14.4,426,134,292
2011,5933035,-0.7,21.2,-10.3,7.5,-5.5,14.4,387,134,253
2011,5933037,-1.7,21.7,-9.3,9.4,-5.5,15.6,419,149,270
2011,5933039,-1.7,24.2,-9.3,9.2,-5.5,16.7,392,98,294
2011,5933042,0.1,28.5,-6.2,12.9,-3,20.7,283,43,240
2011,5933044,-3.3,19.6,-9.6,7.8,-6.4,13.7,713,293,420
2011,5933045,-2.2,20.9,-9.1,8.7,-5.7,14.8,717,292,425
2011,5933054,0.1,28.1,-5.2,12,-2.5,20.1,440,72,368
2011,5933060,-1.4,23.9,-8.5,8.7,-4.9,16.3,469,118,351
2011,5933067,-1.6,27.1,-8.3,10.5,-5,18.8,433,97,336
2011,5933068,-1.8,24.1,-9.8,8.6,-5.8,16.3,639,180,459
2011,5933070,-3.8,20.6,-9.8,8.5,-6.8,14.6,1275,526,749
2011,5933072,-2.6,21.2,-9.5,8.3,-6.1,14.8,611,228,383
2011,5933074,-1.1,28,-7.2,11.4,-4.1,19.7,423,83,340
2011,5933801,0.1,24.6,-7.8,9.1,-3.8,16.9,383,105,278
2011,5933802,-0.9,22.9,-9.1,7.9,-5,15.4,377,113,264
2011,5933803,-0.2,22.7,-6.8,10,-3.5,16.3,689,229,460
2011,5933805,0.2,25.2,-7.7,9.4,-3.7,17.3,315,77,238
2011,5933806,0.3,25.6,-7.8,9.3,-3.7,17.5,281,61,220
2011,5933807,-0.4,22.8,-9.5,8.1,-4.9,15.4,383,114,269
2011,5933808,0.7,25.4,-6.7,10.8,-3,18.1,382,88,294
2011,5933809,-0.1,24,-7.9,8.7,-4,16.3,503,169,334
2011,5933810,0.2,26,-7.3,11.9,-3.5,18.9,328,72,256
2011,5933811,0,25.1,-8,9.3,-4,17.2,293,73,220
2011,5933812,-0.4,27.1,-7.3,11.9,-3.9,19.5,297,51,246
2011,5933813,1.1,27.8,-5,13.9,-2,20.8,427,79,348
2011,5933814,-2.1,24.1,-10.7,8.3,-6.4,16.2,425,111,314
2011,5933817,-1.7,25,-9.1,10,-5.4,17.5,338,76,262
2011,5933819,-0.1,26.8,-6.7,11.5,-3.4,19.2,297,50,247
2011,5933821,-2,23.2,-10.6,7.6,-6.3,15.4,431,124,307
2011,5933823,1.4,27.7,-4.6,13.5,-1.6,20.6,466,83,383
2011,5933824,1.5,28.4,-4.1,14,-1.3,21.2,444,71,373
2011,5933825,1.4,28,-4.4,13.7,-1.5,20.8,457,78,379
2011,5933828,0.2,28.3,-6.2,13.4,-3,20.9,275,44,231
2011,5933829,1.2,28.2,-4.4,14,-1.6,21.1,428,73,355
2011,5933830,1.2,28.1,-5.4,13.7,-2.1,20.9,362,61,301
2011,5933831,1.2,26.7,-5.6,13,-2.2,19.9,416,86,330
2011,5933832,1.4,28.4,-4.4,14.1,-1.5,21.2,413,68,345
2011,5933833,1.2,28.2,-4.6,14.1,-1.7,21.1,417,73,344
2011,5933834,1,28.9,-5.2,13.8,-2.1,21.4,294,46,248
2011,5933836,-1.4,25.6,-8.6,10.5,-5,18,318,64,254
2011,5933837,-0.5,25.1,-8.3,11.3,-4.4,18.2,328,76,252
2011,5933838,0.2,28,-5.2,12,-2.5,20,414,65,349
2011,5933839,0.7,26.8,-5.8,13.3,-2.5,20,407,82,325
2011,5933840,0.8,27.2,-5.5,13.5,-2.4,20.4,405,76,329
2011,5933841,1.2,28.4,-4.7,14.3,-1.7,21.4,424,70,354
2011,5933842,1.3,28.3,-4.5,14.1,-1.6,21.2,418,71,347
2011,5933844,-0.3,27.6,-6.9,12.7,-3.6,20.1,281,50,231
2011,5933845,-0.3,27.3,-7.1,12.5,-3.7,19.9,295,54,241
2011,5933846,0.1,28.1,-6.2,13.2,-3.1,20.7,276,46,230
2011,5933848,1.1,28.3,-4.9,14.2,-1.9,21.2,380,61,319
2011,5933849,1.6,28.4,-4.1,13.8,-1.2,21.1,492,79,413
2011,5933850,1.6,28.6,-4.1,14.2,-1.2,21.4,444,70,374
2011,5933851,1,27.8,-5.2,13.1,-2.1,20.5,383,69,314
2011,5933852,1.7,28.9,-4,14.5,-1.1,21.7,411,62,349
2011,5933853,1.4,28.5,-4.3,14.3,-1.4,21.4,402,66,336
2011,5933854,0.7,28.7,-5.8,13.7,-2.5,21.2,270,39,231
2011,5933855,1.6,28.6,-4.2,14.3,-1.3,21.5,414,65,349
2011,5933857,-0.2,25.7,-7.8,11.5,-4,18.6,306,69,237
2011,5933858,1.1,28.4,-5.1,14.2,-2,21.3,381,61,320
2011,5933859,0.8,27.2,-6,11.8,-2.6,19.5,308,62,246
2011,5933861,0.7,27.8,-5.9,12.8,-2.6,20.3,299,50,249
2011,5933865,1.6,28.4,-4.1,14,-1.2,21.2,467,74,393
2011,5933866,1.3,28.1,-4.4,13.8,-1.5,21,470,82,388
2011,5933868,0.9,27.4,-5.2,13.8,-2.2,20.6,441,83,358
2011,5933870,1.2,28.3,-4.7,14.4,-1.8,21.4,422,70,352
2011,5933872,-2.3,23.7,-9.6,9.7,-6,16.7,401,122,279
2011,5933873,1.7,28.8,-4.3,14.5,-1.3,21.7,417,64,353
2011,5933874,1.2,28.2,-4.9,14.3,-1.8,21.2,405,67,338
2011,5933875,-1.8,24.6,-9.1,10.2,-5.4,17.4,337,88,249
2011,5933876,-1,25.9,-8.1,11.5,-4.6,18.7,318,69,249
2011,5933877,-0.6,27.7,-7,11.9,-3.8,19.8,394,64,330
2011,5933878,1.2,28.3,-4.7,14.3,-1.8,21.3,418,69,349
2011,5933879,1.5,27.5,-4.7,13.2,-1.6,20.4,494,89,405
2011,5933880,-2,22.5,-8.9,8.9,-5.5,15.7,481,131,350
2011,5933881,1.1,28.6,-5.1,13.9,-2,21.3,317,50,267
2011,5933882,1.6,28.3,-4.1,13.6,-1.2,21,505,81,424
2011,5933884,-0.6,26.8,-6.2,11.2,-3.4,19,477,99,378
2011,5933886,-1.3,27.1,-7.9,10.7,-4.6,18.9,444,94,350
2011,5933887,-1.3,27.6,-7.6,11.2,-4.4,19.4,455,88,367
2011,5933888,-0.8,27.8,-7.1,11.5,-4,19.7,447,85,362
2011,5933889,-1,27.1,-6.8,11.2,-3.9,19.2,520,108,412
2011,5933895,1.2,28.9,-4.9,14,-1.9,21.4,313,48,265
2011,5933896,1.4,26.9,-5,12.7,-1.8,19.8,566,110,456
2011,5933897,1.9,28,-3.8,13.4,-1,20.7,608,94,514
2011,5935010,1.4,27.8,-3.7,13.4,-1.2,20.6,326,37,289
2011,5935012,-2.5,20.1,-9.3,7.3,-5.9,13.7,851,329,522
2011,5935016,1,27.6,-4.2,12.9,-1.6,20.3,389,50,339
2011,5935018,1.5,27.1,-3.1,14.3,-0.8,20.7,335,34,301
2011,5935020,-1.9,20.4,-7.9,9.2,-4.9,14.8,832,342,490
2011,5935029,1.1,26.5,-4.3,13,-1.6,19.8,365,52,313
2011,5935801,1.2,27.8,-4,12.9,-1.4,20.3,369,44,325
2011,5935802,1.3,27.1,-3.5,13.9,-1.1,20.5,328,39,289
2011,5935803,1.3,27.5,-3.7,13.5,-1.2,20.5,333,40,293
2011,5937005,-0.3,26.8,-6,11.3,-3.1,19,490,80,410
2011,5937010,0.2,27.2,-5.1,12.4,-2.5,19.8,461,71,390
2011,5937014,0.6,27.4,-4.9,12.7,-2.2,20.1,419,62,357
2011,5937017,-1.2,24.3,-7.2,10.1,-4.2,17.2,549,145,404
2011,5937021,-3.9,18,-10.7,7.1,-7.3,12.5,1032,560,472
2011,5937022,-1.6,22.4,-8.1,8.8,-4.8,15.6,722,228,494
2011,5937023,-0.5,25,-6.5,9.8,-3.5,17.4,611,139,472
2011,5937024,-0.1,27.7,-5.6,11.8,-2.9,19.7,447,76,371
2011,5937028,0,27.7,-5.7,11.8,-2.9,19.7,447,76,371
2011,5937033,0,27.5,-5.7,11.6,-2.9,19.5,474,85,389
2011,5937041,-0.6,26,-6.1,10.2,-3.3,18.1,700,153,547
2011,5937801,0.4,27.7,-4.9,12.5,-2.3,20.1,441,67,374
2011,5937802,-0.1,27.2,-5.9,11.4,-3,19.3,480,89,391
2011,5937803,0.5,28,-4.6,12.9,-2,20.5,407,58,349
2011,5937805,0,27.6,-5.5,11.9,-2.7,19.7,464,79,385
2011,5939007,-4.3,24,-11,9.1,-7.6,16.6,519,205,314
2011,5939011,-4.6,23.3,-10.8,8.3,-7.7,15.8,723,339,384
2011,5939019,-1.2,25.4,-6.4,10.3,-3.8,17.9,941,251,690
2011,5939023,-6,13.7,-11.3,5.2,-8.6,9.5,2002,1352,650
2011,5939032,0.2,27.6,-5.4,11.8,-2.6,19.7,498,85,413
2011,5939037,-1.9,22.3,-8,10,-5,16.1,744,245,499
2011,5939039,-3.3,19,-10.1,7.4,-6.7,13.2,685,293,392
2011,5939043,-0.7,26.9,-5.8,11,-3.2,19,770,150,620
2011,5939044,-0.8,26.4,-6.1,11.3,-3.5,18.8,748,159,589
2011,5939045,-0.1,27.1,-5.3,11.6,-2.7,19.4,572,95,477
2011,5939801,-0.3,27.3,-5.6,11.8,-2.9,19.5,511,97,414
2011,5939802,-1.2,24.1,-7.8,10.2,-4.5,17.2,594,167,427
2011,5939803,0.1,27.5,-5.4,11.9,-2.7,19.7,531,90,441
2011,5939804,0,26.6,-5.8,11.7,-2.9,19.2,479,92,387
2011,5939805,0.1,27.9,-5.1,12.1,-2.5,20,484,80,404
2011,5939806,-0.6,25.8,-6.2,11,-3.4,18.4,515,111,404
2011,5939807,0.1,27.6,-5.1,12.1,-2.5,19.8,539,89,450
2011,5939808,0.1,27.4,-5.5,11.7,-2.7,19.6,514,88,426
2011,5939811,0.1,27.5,-5.4,11.8,-2.7,19.6,514,87,427
2011,5941005,-2,23.1,-11,7.3,-6.5,15.2,470,133,337
2011,5941009,-2.2,25.4,-10.4,9.7,-6.3,17.6,441,99,342
2011,5941010,-2,22.4,-11.1,7.9,-6.6,15.1,523,158,365
2011,5941012,-2.1,23.4,-11.1,7.7,-6.6,15.5,454,133,321
2011,5941013,-2.5,24.5,-10.2,9.7,-6.3,17.1,540,139,401
2011,5941014,-1.8,23.1,-10.6,7.9,-6.2,15.5,580,164,416
2011,5941015,-1.9,23.8,-10.9,8,-6.4,15.9,438,121,317
2011,5941016,-1.7,22.7,-10.5,7.2,-6.1,14.9,586,182,404
2011,5941017,-1.9,21.4,-11,6.6,-6.5,14,534,170,364
2011,5941019,-2.5,20.4,-11.1,8.1,-6.8,14.2,637,217,420
2011,5941021,-3.4,22.4,-11.2,8.4,-7.3,15.4,597,195,402
2011,5941025,-3.2,17.5,-10.4,6.1,-6.8,11.8,1019,470,549
2011,5941026,-2.6,19.4,-10.3,6.6,-6.5,13,978,396,582
2011,5941027,-3.4,22.7,-12.9,7.1,-8.2,14.9,511,173,338
2011,5941039,-2.5,20.2,-13.7,4.5,-8.1,12.4,565,264,301
2011,5941041,-2.5,23,-12.7,6.7,-7.6,14.8,440,144,296
2011,5941801,-2.3,24.5,-10.8,8.7,-6.6,16.6,430,108,322
2011,5941802,-1.9,23.4,-10.7,7.3,-6.3,15.4,511,141,370
2011,5941803,-1.9,24,-10.9,7.6,-6.4,15.8,433,121,312
2011,5941804,-2.6,22.8,-10.6,7.8,-6.6,15.3,426,121,305
2011,5941805,-2,24,-10.9,8.6,-6.4,16.3,485,128,357
2011,5941806,-2.5,24.4,-10.7,8.9,-6.6,16.7,428,105,323
2011,5941807,-2.2,23.7,-10.8,8.1,-6.5,15.9,459,124,335
2011,5941808,-1.6,19.8,-12.3,4.8,-7,12.3,551,256,295
2011,5941809,-2.6,24.1,-10.4,9.4,-6.5,16.8,543,144,399
2011,5941810,-2.4,24.8,-10.7,9.3,-6.5,17.1,437,105,332
2011,5941811,-2.4,23.1,-11.2,7.8,-6.8,15.5,454,135,319
2011,5941812,-2.1,25.4,-10.5,9.6,-6.3,17.5,428,100,328
2011,5941813,-1.8,23.6,-11.2,7.1,-6.5,15.3,485,136,349
2011,5941817,-2.3,21.6,-14.3,5,-8.3,13.3,424,161,263
2011,5941818,-2.2,21.3,-14.1,4.8,-8.1,13.1,430,166,264
2011,5941819,-2.4,21.4,-14.4,4.9,-8.4,13.2,431,169,262
2011,5941820,-2.3,21.2,-14.3,4.8,-8.3,13,445,179,266
2011,5941821,-3.2,24.9,-11.9,8.5,-7.5,16.7,351,96,255
2011,5941827,-2.5,21.8,-14.5,5.2,-8.5,13.5,411,153,258
2011,5941828,-1.8,20.3,-12.3,5.2,-7.1,12.7,526,233,293
2011,5941829,-1.7,20,-12.2,5.1,-7,12.5,534,240,294
2011,5941831,-2,19.1,-12,4.6,-7,11.9,585,286,299
2011,5941833,-3.3,20.4,-14.2,5.6,-8.8,13,500,199,301
2011,5941834,-2.5,20.6,-14.3,4.8,-8.4,12.7,542,264,278
2011,5941835,-3.3,21.4,-14,6.5,-8.6,14,520,194,326
2011,5941837,-3.4,22.7,-12.8,7.2,-8.1,15,510,171,339
2011,5941838,-2.8,23,-14.7,5.8,-8.7,14.4,352,118,234
2011,5941839,-2.9,23.2,-14.5,6,-8.7,14.6,349,111,238
2011,5941840,-2.6,20.7,-14.4,4.5,-8.5,12.6,540,274,266
2011,5941841,-2.9,25.1,-11.7,8.4,-7.3,16.8,359,94,265
2011,5941842,-2.1,21.4,-14.1,4.9,-8.1,13.1,435,169,266
2011,5941843,-2.2,21,-14,4.7,-8.1,12.9,453,182,271
2011,5941844,-2.5,21.9,-14.6,5.2,-8.6,13.6,402,149,253
2011,5941845,-2.6,20.7,-14.5,4.6,-8.5,12.6,535,268,267
2011,5941846,-2.5,22,-14.6,5.3,-8.6,13.6,403,148,255
2011,5941847,-2.7,22.5,-14.4,5.6,-8.5,14.1,390,135,255
2011,5941848,-2.5,21.8,-14.6,5.1,-8.5,13.4,415,157,258
2011,5941849,-2.5,22.7,-12.4,7.7,-7.4,15.2,456,148,308
2011,5941850,-2.5,23.6,-11.8,8.3,-7.2,15.9,407,121,286
2011,5941851,-2.6,20.8,-14.4,4.5,-8.5,12.6,593,310,283
2011,5941852,-3.6,22.5,-12.7,7.4,-8.2,14.9,531,185,346
2011,5941854,-2.3,19.8,-14.6,3.9,-8.5,11.9,572,290,282
2011,5941855,-1.9,24,-10.7,8.2,-6.3,16.1,442,120,322
2011,5941856,-2.4,21.3,-14.4,5,-8.4,13.1,442,179,263
2011,5941858,-2.6,20.7,-14.3,4.9,-8.4,12.8,528,257,271
2011,5941859,-2.9,20.8,-14.3,5.3,-8.6,13,530,243,287
2011,5941860,-3.4,19.8,-13.1,5.1,-8.2,12.5,611,282,329
2011,5941861,-2.7,20.2,-13.3,5,-8,12.6,531,228,303
2011,5941862,-2.8,20.6,-13.5,5.2,-8.2,12.9,501,204,297
2011,5941863,-2.9,20.5,-13.7,5.3,-8.3,12.9,502,199,303
2011,5941864,-3,20.6,-14.4,5.6,-8.7,13.1,509,200,309
2011,5941865,-3.2,20.9,-13.6,6.1,-8.4,13.5,533,206,327
2011,5941866,-3.7,22.6,-12.7,7.4,-8.2,15,532,187,345
2011,5941868,-2,23.3,-11.1,7.5,-6.5,15.4,463,137,326
2011,5941871,-2.6,20.5,-14.6,4.5,-8.6,12.5,574,299,275
2011,5941872,-2.1,23.2,-11.2,7.5,-6.6,15.4,460,138,322
2011,5941873,-2,23.5,-11.1,7.7,-6.6,15.6,454,133,321
2011,5941876,-1.9,20.3,-12.4,5.2,-7.1,12.7,530,235,295
2011,5941879,-3,23.4,-14.4,6.3,-8.7,14.9,351,108,243
2011,5941880,-2.5,20.5,-14.5,4.4,-8.5,12.5,560,290,270
2011,5941881,-3.3,21.7,-13.8,6.7,-8.6,14.2,519,190,329
2011,5941882,-2.5,25.7,-10.1,10,-6.3,17.8,456,111,345
2011,5941883,-2.5,22.6,-13,6.8,-7.7,14.7,412,125,287
2011,5941884,-1.8,20.1,-12.4,5.1,-7.1,12.6,534,239,295
2011,5941885,-2.1,23,-11.2,7.5,-6.6,15.3,470,143,327
2011,5943008,6.3,19.2,2,10.9,4.2,15.1,1737,60,1677
2011,5943012,6.4,19.2,1.9,10.8,4.2,15,1901,66,1835
2011,5943017,6.7,19.9,2.1,11.1,4.4,15.5,3161,107,3054
2011,5943023,6.3,19.1,1.5,10.7,3.9,14.9,2216,84,2132
2011,5943027,5.8,18,0.5,9.7,3.2,13.9,4192,236,3956
2011,5943031,6.3,19.6,1.6,10.7,4,15.2,2199,83,2116
2011,5943033,3.3,18.5,-1.9,8.3,0.7,13.4,2844,549,2295
2011,5943037,4.4,19.3,-1.2,9.9,1.6,14.6,2810,307,2503
2011,5943804,6.5,19.2,1.8,10.9,4.1,15,2097,72,2025
2011,5943806,6.5,19.2,1.8,10.9,4.2,15,2255,77,2178
2011,5943807,6.2,19.7,1.9,11,4.1,15.4,1641,57,1584
2011,5943808,5.9,19.7,1.7,11.1,3.8,15.4,1662,63,1599
2011,5943809,6.2,19.8,1.6,10.9,3.9,15.4,1893,70,1823
2011,5943813,5.7,20.1,1.4,11.6,3.6,15.8,2520,109,2411
2011,5943815,6.4,19.2,1.8,10.9,4.1,15,2117,73,2044
2011,5943816,6.5,19.7,1.8,10.8,4.2,15.3,2461,85,2376
2011,5943817,6.4,19.1,1.8,10.9,4.1,15,2034,70,1964
2011,5943836,6.9,16.2,2.3,10.8,4.6,13.5,2469,81,2388
2011,5943837,6.4,19,2.2,10.9,4.3,15,1739,57,1682
2011,5945006,5.2,17.9,0.1,9.8,2.7,13.9,3561,221,3340
2011,5945010,-2.3,18.1,-9.4,6.2,-5.9,12.1,1090,557,533
2011,5945012,3.1,22.3,-2.3,11.3,0.4,16.8,1461,148,1313
2011,5945014,3.5,22.2,-1.8,11.4,0.9,16.8,1631,143,1488
2011,5945801,6.2,18.9,1.6,10.4,3.9,14.7,2951,110,2841
2011,5945802,2.2,21.2,-3.1,10.3,-0.4,15.8,1813,257,1556
2011,5945803,5.4,18.6,1.3,11,3.4,14.8,2713,119,2594
2011,5947007,2.5,17.2,-2.3,10.4,0.1,13.8,2987,292,2695
2011,5947012,1.9,14.8,-2.6,9.4,-0.3,12.1,3840,554,3286
2011,5947016,4.1,16.7,-0.8,10.7,1.7,13.7,2601,170,2431
2011,5947021,-1.8,16.8,-7.4,8.5,-4.6,12.6,6777,2977,3800
2011,5947023,5.3,17.4,0.8,10.6,3.1,14,1494,75,1419
2011,5947026,5.4,18.1,0.9,10.5,3.1,14.3,2107,114,1993
2011,5947027,5.1,16.6,0.7,10.4,2.9,13.5,1461,83,1378
2011,5947030,5.2,18.3,0.6,10.6,2.9,14.5,1604,86,1518
2011,5947032,4,16.9,0,9.4,2,13.2,3460,345,3115
2011,5947803,5.4,17.3,0.8,10.7,3.1,14,1518,74,1444
2011,5947804,5,17.4,0.8,10.4,2.9,13.9,1925,115,1810
2011,5947806,2.8,18.5,-2.3,11,0.3,14.8,4087,374,3713
2011,5947807,5.1,16.3,0.5,10.7,2.8,13.5,2276,116,2160
2011,5947809,3.4,16.4,-1.2,10.5,1.1,13.4,2883,225,2658
2011,5947810,4.7,16.5,-0.2,10.9,2.2,13.7,2479,136,2343
2011,5949005,0.6,21.5,-3.9,11.6,-1.6,16.6,2301,359,1942
2011,5949011,-0.4,21.3,-5.2,10.9,-2.8,16.1,1390,320,1070
2011,5949013,-0.3,21.8,-5.2,11.1,-2.7,16.4,1206,250,956
2011,5949018,-0.2,22.1,-5,11.3,-2.6,16.7,1254,251,1003
2011,5949020,1,21.7,-4.2,10.8,-1.6,16.2,2233,382,1851
2011,5949022,-3.4,22.3,-10.1,9.1,-6.7,15.7,566,149,417
2011,5949024,-3.5,22,-10.2,9,-6.8,15.5,562,151,411
2011,5949028,-4.6,15.9,-11.1,5.7,-7.8,10.8,980,484,496
2011,5949032,-3.8,15.1,-9.9,6.1,-6.8,10.6,2545,1476,1069
2011,5949035,0.1,20.3,-5.2,11.1,-2.6,15.7,1314,252,1062
2011,5949038,-11,19.1,-19,6.5,-15,12.8,462,193,269
2011,5949039,-2.9,22.7,-9.2,9,-6.1,15.8,739,223,516
2011,5949041,-8.6,19.1,-15.9,6,-12.2,12.5,643,330,313
2011,5949802,3.6,18.6,-0.8,10.6,1.4,14.6,4628,378,4250
2011,5949803,0.5,21.6,-4.1,11.5,-1.8,16.5,2364,386,1978
2011,5949804,0,22.2,-4.9,11.5,-2.4,16.8,1224,228,996
2011,5949805,-0.3,22.3,-5.1,11.3,-2.7,16.8,1201,241,960
2011,5949807,0,22.3,-4.8,11.5,-2.4,16.9,1249,235,1014
2011,5949810,-3.7,21.8,-10.5,8.5,-7.1,15.2,571,165,406
2011,5949811,-3.4,22.3,-10,9.2,-6.7,15.7,564,149,415
2011,5949812,-3.4,22.6,-9.9,9.3,-6.6,16,564,146,418
2011,5949813,-3.4,22.8,-9.8,9.5,-6.6,16.2,572,144,428
2011,5949814,-3.4,22.6,-9.7,9.4,-6.5,16,595,172,423
2011,5949815,-3.1,21.9,-9.2,9.3,-6.1,15.6,600,171,429
2011,5949816,-2.5,23.4,-8.7,10,-5.6,16.7,644,171,473
2011,5949817,-3.7,21.9,-10.4,8.6,-7.1,15.2,567,163,404
2011,5949818,-3.4,22.8,-9.8,9.5,-6.6,16.2,565,144,421
2011,5949819,-3.7,21.8,-10.5,8.4,-7.1,15.1,571,165,406
2011,5949820,-3.7,21.8,-10.5,8.5,-7.1,15.1,568,165,403
2011,5949830,-8.7,19.1,-16.4,5.9,-12.6,12.5,454,190,264
2011,5949832,-8.4,19,-16.4,5.8,-12.4,12.4,450,190,260
2011,5949843,-8.4,22.6,-16,8.6,-12.2,15.6,372,178,194
2011,5949844,-0.5,22.2,-5.4,11,-2.9,16.6,1059,229,830
2011,5949845,-11.2,19.4,-19.1,6.7,-15.2,13,459,189,270
2011,5949846,-8.6,22.4,-16.2,8.4,-12.4,15.4,420,196,224
2011,5949847,-7.4,22,-16.1,8.1,-11.8,15.1,386,187,199
2011,5951007,-4.4,22.7,-13.6,7.9,-9,15.3,514,188,326
2011,5951009,-4.9,22.1,-13.6,7.8,-9.2,14.9,503,179,324
2011,5951013,-5.5,21.1,-13.4,7.6,-9.5,14.4,574,244,330
2011,5951015,-5.5,19.2,-12.9,6.9,-9.2,13,629,299,330
2011,5951017,-4.5,19.5,-11.5,6.5,-8,13,589,243,346
2011,5951019,-5.1,21.3,-13.2,7.7,-9.1,14.5,559,217,342
2011,5951022,-4.2,20.8,-12.7,7,-8.5,13.9,534,218,316
2011,5951028,-4.3,19.8,-11.9,6.7,-8.1,13.3,603,271,332
2011,5951031,-4.2,20.2,-12.2,7.1,-8.2,13.6,494,199,295
2011,5951032,-4.7,20.3,-12.2,7,-8.5,13.7,567,226,341
2011,5951034,-4.2,22.1,-12.5,7.1,-8.3,14.6,407,136,271
2011,5951038,-3.7,21.5,-11.6,7.4,-7.6,14.4,464,152,312
2011,5951043,-3.7,21.5,-11.2,7.8,-7.5,14.6,501,155,346
2011,5951051,-3.7,20.8,-11.4,7.3,-7.6,14.1,527,173,354
2011,5951053,-4.1,18.9,-11.7,5.9,-7.9,12.4,691,319,372
2011,5951801,-5.1,21.3,-13.4,8,-9.3,14.6,511,199,312
2011,5951802,-5,22.2,-13.9,7.9,-9.4,15,509,182,327
2011,5951803,-5,21.9,-13.6,8,-9.3,14.9,540,215,325
2011,5951804,-4.9,22,-13.6,8.1,-9.3,15,520,202,318
2011,5951805,-5.2,21.9,-13.9,8,-9.6,15,526,209,317
2011,5951806,-5,22.1,-13.7,7.8,-9.3,14.9,505,180,325
2011,5951807,-5,22.1,-13.5,7.7,-9.3,14.9,505,181,324
2011,5951809,-4.7,22,-13.8,7.7,-9.3,14.9,527,200,327
2011,5951810,-5.3,21.7,-13.7,8.4,-9.5,15.1,524,207,317
2011,5951811,-4.9,21.2,-12.7,7.3,-8.8,14.2,568,217,351
2011,5951813,-4.7,21.9,-13.9,7.7,-9.3,14.8,529,199,330
2011,5951814,-5.2,20.9,-13.3,8.2,-9.3,14.6,517,210,307
2011,5951815,-4.4,20.9,-12.9,6.9,-8.6,13.9,528,214,314
2011,5951818,-4.1,20.5,-12.1,6.9,-8.1,13.7,481,182,299
2011,5951819,-4,19.8,-11.8,6.7,-7.9,13.2,516,213,303
2011,5951820,-4.5,21.2,-13.2,6.8,-8.9,14,515,207,308
2011,5951821,-4.6,20.6,-12.8,6.8,-8.7,13.7,517,214,303
2011,5951822,-4.3,21,-12.7,6.8,-8.5,13.9,466,173,293
2011,5951823,-4,20.3,-12,6.8,-8,13.5,496,195,301
2011,5951824,-4,20.2,-12,6.8,-8,13.5,509,201,308
2011,5951825,-4.4,20.7,-12.3,6.6,-8.3,13.6,489,187,302
2011,5951826,-4.2,20.8,-12.5,7,-8.4,13.9,484,183,301
2011,5951827,-4.3,20.8,-12.8,6.9,-8.5,13.9,532,217,315
2011,5951828,-5.5,20,-12.9,6.7,-9.2,13.4,613,251,362
2011,5951829,-4.8,20.9,-12.2,7.3,-8.5,14.1,540,206,334
2011,5951830,-4,20.3,-11.4,6.8,-7.7,13.5,497,183,314
2011,5951833,-4.4,20.6,-12.3,6.6,-8.3,13.6,491,189,302
2011,5951840,-5.5,21.3,-13.6,7.7,-9.6,14.5,571,240,331
2011,5951844,-4.4,21,-13,6.9,-8.7,14,527,212,315
2011,5951845,-4.9,20.1,-12,6.9,-8.5,13.5,615,250,365
2011,5951846,-5,20.3,-12.3,7,-8.6,13.7,584,231,353
2011,5951847,-4.3,20.7,-12.4,7.2,-8.4,13.9,502,201,301
2011,5951848,-5.4,21.5,-13.2,7.3,-9.3,14.4,560,219,341
2011,5951849,-5.1,21.9,-13.7,8,-9.4,14.9,545,218,327
2011,5953007,-3.3,23.7,-10.5,8.8,-6.9,16.2,580,198,382
2011,5953012,-2.5,22.9,-10.4,8.1,-6.4,15.5,662,188,474
2011,5953019,-3.2,23.1,-10.7,8.4,-6.9,15.8,650,219,431
2011,5953023,-3.3,23.1,-11.5,9,-7.4,16.1,642,208,434
2011,5953033,-6.2,22,-14,8,-10.1,15,714,323,391
2011,5953038,-4.6,22,-12.4,8.6,-8.5,15.3,660,259,401
2011,5953042,-4.8,21.3,-11.7,8.5,-8.3,14.9,603,228,375
2011,5953044,-4,22.2,-11.7,8.1,-7.9,15.1,746,287,459
2011,5953046,-4.9,19.6,-11.9,6.8,-8.4,13.2,757,313,444
2011,5953048,-4.1,19.7,-11.7,7.3,-7.9,13.5,1292,573,719
2011,5953050,-5.8,21.5,-14,7.8,-9.9,14.7,791,383,408
2011,5953801,-3.4,22.9,-11.5,8.9,-7.5,15.9,693,235,458
2011,5953802,-6.1,20.7,-13.9,7.8,-10,14.3,722,354,368
2011,5955003,-5.6,17.4,-13.3,6.6,-9.4,12,852,413,439
2011,5955005,-7.3,22.3,-18.1,8.9,-12.7,15.6,482,146,336
2011,5955010,-6,20.4,-14.4,8.4,-10.2,14.4,646,261,385
2011,5955014,-7.2,22.1,-18.1,8.8,-12.7,15.5,491,150,341
2011,5955021,-4.3,20.2,-14.6,7.7,-9.5,14,649,250,399
2011,5955023,-5.7,22.5,-15.1,8.5,-10.4,15.5,564,212,352
2011,5955025,-6.5,21.8,-15.6,8.6,-11,15.2,522,181,341
2011,5955030,-9.5,23.3,-18.6,9.7,-14,16.5,426,121,305
2011,5955034,-8.8,21.7,-17.9,9.2,-13.4,15.4,453,137,316
2011,5955040,-7.2,18.6,-16.3,6.2,-11.8,12.4,655,240,415
2011,5955042,-8.9,21.7,-18,9.3,-13.4,15.5,454,136,318
2011,5955801,-5.7,21.6,-15.6,8.4,-10.7,15,532,188,344
2011,5955802,-5.6,21.3,-14.7,8.4,-10.2,14.9,585,232,353
2011,5955803,-9.6,22,-18.7,8.9,-14.2,15.4,439,120,319
2011,5955804,-9.2,22,-18.4,9.3,-13.8,15.6,432,118,314
2011,5955807,-10.6,21.1,-19.6,6.7,-15.1,13.9,463,201,262
2011,5955808,-7.9,22.2,-17.1,8.5,-12.5,15.4,459,133,326
2011,5955812,-9.5,20.7,-18.4,7.5,-14,14.1,454,183,271
2011,5957022,-7.5,16.3,-15.9,5.3,-11.7,10.8,684,336,348
2011,5957802,-9.9,19,-17.7,7.5,-13.8,13.2,515,281,234
2011,5957803,-10,18.9,-17.9,7.3,-14,13.1,519,280,239
2011,5957804,-11.5,20.8,-20.6,7.5,-16,14.2,425,207,218
2011,5957813,-15.5,22.2,-24.1,8.6,-19.8,15.4,487,202,285
2011,5957814,-15.4,22.2,-24.1,8.6,-19.7,15.4,487,202,285
2011,5959007,-16.5,23.1,-23.6,10.5,-20,16.8,490,161,329
2011,5959805,-15.7,23.3,-21.7,11,-18.7,17.1,457,147,310
2011,5959806,-16.4,23,-23.2,10.6,-19.8,16.8,485,161,324
2011,5959809,-15.3,23,-21.5,10.7,-18.4,16.8,440,134,306
2011,5959810,-13,22,-20.9,9.5,-16.9,15.8,506,155,351
