census_year,census_subdivision_id,purpose_of_tax,rate_residential,rate_utilitiy,rate_supportive,rate_major_industry,rate_light_industry,rate_business,rate_managed_forest,rate_recreation_nonprofit,rate_farm
2011,5909052,Municipal,5.17289,37.98195,0,0,10.73513,12.68594,0,8.71777,19.00413
2011,5909052,Reg'l District,0.1107,0.38743,0,0,0.37636,0.27121,0,0.1107,0.1107
2011,5909052,Hospital,0.23117,0.80911,0,0,0.78599,0.56638,0,0.23117,0.23117
2011,5909052,School,2.3229,13.6,0.1,6,6,6,2.4,3.4,6.9
2011,5909052,Other,0.0621,0.5122,0.0002,0.5122,0.1762,0.176,0.3622,0.0621,0.0621
2011,5909052,Total,7.89976,53.29069,0.1002,6.5122,18.07368,19.69953,2.7622,12.52174,26.3081
2011,5943008,Municipal,6.19558,39.99248,0.24782,21.06498,21.5724,18.58675,18.58675,6.19558,6.19558
2011,5943008,Reg'l District,0.326,1.141,0.326,1.1084,1.1084,0.7987,0.978,0.326,0.326
2011,5943008,Hospital,0.88801,3.10802,0.88801,3.01922,3.01922,2.17562,2.66402,0.88801,0.88801
2011,5943008,School,3.5669,13.6,0.1,6,6,6,2.4,3.4,6.9
2011,5943008,Other,0.42,1.7647,0.1002,1.7289,1.3929,1.0528,1.4358,0.42,0.42
2011,5943008,Total,11.39649,59.6062,1.66203,32.9215,33.09292,28.61387,26.06457,11.22959,14.72959
2011,5915038,Municipal,1.6109,1.6109,1.6109,1.6109,1.6109,1.6109,1.6109,1.6109,1.6109
2011,5915038,Reg'l District,0.2498,0.8741,0.2498,0.8491,0.8491,0.6119,0.7492,0.2498,0.2498
2011,5915038,Hospital,0,0,0,0,0,0,0,0,0
2011,5915038,School,1.7796,13.6,0.1,6,6,6,2.4,3.4,6.9
2011,5915038,Other,0.5903,3.9423,1.6234,3.294,2.5457,2.1087,0.9523,0.5758,0.6253
2011,5915038,Total,4.2306,20.0273,3.5841,11.754,11.0057,10.3315,5.7124,5.8365,9.386
2011,5937028,Municipal,2.7791,17.89128,0,0,15.97908,7.18033,0,11.07115,12.41215
2011,5937028,Reg'l District,0.41195,1.44183,0,0,1.40063,1.00928,0,0.41195,0.37428
2011,5937028,Hospital,0.2963,1.03705,0,0,1.00742,0.72594,0,0.2963,0.2963
2011,5937028,School,2.4365,13.6,0.1,6,6,6,2.4,3.4,6.9
2011,5937028,Other,0.3943,1.6749,0.1002,1.6417,1.3057,0.9899,1.3588,0.3943,0.3943
2011,5937028,Total,6.31815,35.64506,0.2002,7.6417,25.69283,15.90545,3.7588,15.5737,20.37703
2011,5933019,Municipal,5.1728,37.1854,0,0,23.7349,20.3534,0,9.9619,10.1344
2011,5933019,Reg'l District,1.35726,4.7504,0,0,4.61468,3.32528,0,1.35726,1.35726
2011,5933019,Hospital,0.47266,1.65429,0,0,1.60703,1.15801,0,0.47266,0.47266
2011,5933019,School,3.4689,13.6,0.1,6,6,6,2.4,3.4,6.9
2011,5933019,Other,0.4531,1.8808,0.1002,1.8417,1.5057,1.134,1.5353,0.4531,0.4531
2011,5933019,Total,10.92472,59.07089,0.2002,7.8417,37.46231,31.97069,3.9353,15.64492,19.31742
2011,5933074,Municipal,3.45582,21.59888,0,12.61375,12.61375,8.63955,10.36746,3.45582,3.45582
2011,5933074,Reg'l District,1.52689,5.34411,0,5.19142,5.19142,3.74087,4.58066,1.52689,1.52689
2011,5933074,Hospital,0.47292,1.65523,0,1.60794,1.60794,1.15866,1.41877,0.47292,0.47292
2011,5933074,School,2.4326,13.6,0.1,6,6,6,2.4,3.4,6.9
2011,5933074,Other,0.4453,1.8534,0.1002,1.815,1.479,1.1148,1.5118,0.4453,0.4453
2011,5933074,Total,8.33353,44.05162,0.2002,27.22811,26.89211,20.65388,20.27869,9.30093,12.80093
2011,5915036,Municipal,1.48444,5.19554,0,0,0,3.63688,0,1.48444,0
2011,5915036,Reg'l District,0.28364,0.99274,0,0,0,0.69492,0,0.28364,0
2011,5915036,Hospital,0,0,0,0,0,0,0,0,0
2011,5915036,School,1.7796,13.6,0.1,6,6,6,2.4,3.4,6.9
2011,5915036,Other,0.569,3.8678,1.6234,3.2216,2.4733,2.0565,0.8884,0.5545,0.604
2011,5915036,Total,4.11668,23.65608,1.7234,9.2216,8.4733,12.3883,3.2884,5.72258,7.504
2011,5915062,Municipal,2.56464,10.66891,0,0,10.66891,2.56464,0,2.56464,1.28232
2011,5915062,Reg'l District,0.05691,0.19919,0.05691,0.19349,0.19349,0.13943,0.17073,0.05691,0.05691
2011,5915062,Hospital,0,0,0,0,0,0,0,0,0
2011,5915062,School,1.1804,13.6,0.1,6,6,6,2.4,3.4,6.9
2011,5915062,Other,0.73365,4.44418,1.76545,3.78148,3.03318,2.46003,1.38246,0.71915,0.76865
2011,5915062,Total,4.5356,28.91228,1.92236,9.97497,19.89558,11.1641,3.95319,6.7407,9.00788
2011,5915025,Municipal,2.3443,34.8741,2.3443,47.1073,9.357,9.357,0,1.5487,9.357
2011,5915025,Reg'l District,0.0567,0.1985,0.0567,0.1928,0.1928,0.1389,0,0.0567,0.0567
2011,5915025,Hospital,0,0,0,0,0,0,0,0,0
2011,5915025,School,1.6069,13.6,0.1,6,6,6,2.4,3.4,6.9
2011,5915025,Other,0.3936,3.2539,1.5234,2.6252,1.8769,1.6268,0.3622,0.3791,0.4286
2011,5915025,Total,4.4015,51.9265,4.0244,55.9253,17.4267,17.1227,2.7622,5.3845,16.7423
2011,5951022,Municipal,7.2967,36.2874,0,45.8035,45.8035,16.3196,0,7.2967,0
2011,5951022,Reg'l District,0.7581,2.6533,0,2.5775,2.5775,1.8573,0,0.7581,0
2011,5951022,Hospital,0.5418,1.8963,0,1.8421,1.8421,1.3274,0,0.5418,0
2011,5951022,School,3.8135,13.6,0.1,6,6,6,2.4,3.4,6.9
2011,5951022,Other,0.5841,2.3393,0.1002,2.2871,1.9511,1.455,1.9283,0.5841,0.5841
2011,5951022,Total,12.9942,56.7763,0.2002,58.5102,58.1742,26.9593,4.3283,12.5807,7.4841
2011,5933024,Municipal,2.1607,13.0024,0,35.5791,35.5791,4.8792,8.8341,2.9904,15.561
2011,5933024,Reg'l District,1.3538,4.7383,0,4.6029,4.6029,3.3168,4.0614,1.3538,1.3538
2011,5933024,Hospital,0.4722,1.6528,0,1.6055,1.6055,1.1569,1.4167,0.4722,0.4722
2011,5933024,School,3.4689,13.6,0.1,6,6,6,2.4,3.4,6.9
2011,5933024,Other,0.469,1.9365,0.1002,1.8958,1.5598,1.173,1.583,0.469,0.469
2011,5933024,Total,7.9246,34.93,0.2002,49.6833,49.3473,16.5259,18.2952,8.6854,24.756
2011,5924034,Municipal,5.89154,20.1665,0,32.21973,12.3291,12.3291,6.45125,6.87124,5.76435
2011,5924034,Reg'l District,0.85771,2.94144,0,4.54166,1.88904,1.82063,1.07637,0.98836,0.84075
2011,5924034,Hospital,0.84004,2.94014,0,2.85614,2.85614,2.0581,2.52012,0.84004,0.84004
2011,5924034,School,2.5654,13.6,0.1,6,6,6,2.4,3.4,6.9
2011,5924034,Other,0.0621,0.5122,0.0002,0.5122,0.1762,0.176,0.3622,0.0621,0.0621
2011,5924034,Total,10.21679,40.16028,0.1002,46.12973,23.25048,22.38383,12.80994,12.16174,14.40724
2011,5901043,Municipal,4.75542,23.77708,0,21.39937,17.11949,9.51083,14.26625,4.75542,4.75542
2011,5901043,Reg'l District,1.36353,4.77235,0,4.636,4.636,3.34064,4.09058,1.36353,1.36353
2011,5901043,Hospital,0.16165,0.56579,0,0.54963,0.54963,0.39605,0.48496,0.16165,0.16165
2011,5901043,School,2.3237,13.6,0.1,6,6,6,2.4,3.4,6.9
2011,5901043,Other,0.3573,1.5453,0.1002,1.5158,1.1798,0.8992,1.2477,0.3573,0.3573
2011,5901043,Total,8.9616,44.26052,0.2002,34.1008,29.48492,20.14672,22.48949,10.0379,13.5379
2011,5903045,Municipal,3.1111,38,0,30.189,10.9339,11.3724,0,7.6257,0
2011,5903045,Reg'l District,1.4144,4.9504,0,4.8089,4.8089,3.4653,0,1.4144,0
2011,5903045,Hospital,0.2917,1.0211,0,0.9919,0.9919,0.7148,0,0.2917,0
2011,5903045,School,2.8691,13.6,0.1,6,6,6,2.4,3.4,6.9
2011,5903045,Other,0.0621,0.5122,0.0002,0.5122,0.1762,0.176,0.3622,0.0621,0.0621
2011,5903045,Total,7.7484,58.0837,0.1002,42.502,22.9109,21.7285,2.7622,12.7939,6.9621
2011,5917015,Municipal,3.41946,15.96889,0,0,5.44549,6.38584,0,7.36313,3.94845
2011,5917015,Reg'l District,0.69331,3.23778,0,0,1.1041,1.29476,0,1.49291,0.80057
2011,5917015,Hospital,0.31137,1.0898,0,0,1.05866,0.76286,0,0.31137,0.31137
2011,5917015,School,1.7492,13.6,0.1,6,6,6,2.4,3.4,6.9
2011,5917015,Other,0.3088,1.7087,0.2469,1.7087,1.3727,1.3725,1.5587,0.3088,0.3088
2011,5917015,Total,6.48214,35.60517,0.3469,7.7087,14.98095,15.81596,3.9587,12.87621,12.26919
2011,5933054,Municipal,4.2637,40,0,5.34,0,11.1676,0,9.4046,16.351
2011,5933054,Reg'l District,1.3361,4.6765,0,4.5429,0,3.2735,0,1.3361,1.3361
2011,5933054,Hospital,0.4695,1.6433,0,1.5963,0,1.1503,0,0.4695,0.4695
2011,5933054,School,2.4326,13.6,0.1,6,6,6,2.4,3.4,6.9
2011,5933054,Other,0.3961,1.6813,0.1002,1.6479,1.3119,0.9944,1.3643,0.3961,0.3961
2011,5933054,Total,8.898,61.6011,0.2002,19.1271,7.3119,22.5858,3.7643,15.0063,25.4527
2011,5955010,Municipal,4.2505,43.6004,0,18.0003,18.0003,10.0957,0,0.0426,4.4321
2011,5955010,Reg'l District,2.5041,8.7642,0,8.5137,8.5137,6.1349,0,2.5041,2.5041
2011,5955010,Hospital,0.5821,2.0375,0,1.9793,1.9793,1.4262,0,0.5821,0.5821
2011,5955010,School,2.9808,13.6,0.1,6,6,6,2.4,3.4,6.9
2011,5955010,Other,0.3937,1.6728,0.1002,1.6397,1.3037,0.9884,1.357,0.3937,0.3937
2011,5955010,Total,10.7112,69.6749,0.2002,36.133,35.797,24.6452,3.757,6.9225,14.812
2011,5909020,Municipal,4.84125,38.79016,0,0,9.59528,9.72209,20.11838,4.19178,21.31549
2011,5909020,Reg'l District,0.14003,1.12197,0,0,0.27753,0.2812,0.58191,0.12124,0.61653
2011,5909020,Hospital,0.23143,0.81,0,0,0.78686,0.567,0.69429,0.23143,0.23143
2011,5909020,School,2.5458,13.6,0.1,6,6,6,2.4,3.4,6.9
2011,5909020,Other,0.39635,2.60016,0.0002,0.5122,1.02416,0.90503,1.60008,0.36906,1.08869
2011,5909020,Total,8.15486,56.92229,0.1002,6.5122,17.68383,17.47532,25.39466,8.31351,30.15214
2011,5933067,Municipal,4.0172,39.971,0,13.6584,13.6584,14.0601,12.0516,4.0172,4.0172
2011,5933067,Reg'l District,1.6566,5.7982,0,5.6325,5.6325,4.0587,4.9699,1.6566,1.6566
2011,5933067,Hospital,0.4728,1.6548,0,1.6075,1.6075,1.1584,1.4184,0.4728,0.4728
2011,5933067,School,2.4326,13.6,0.1,6,6,6,2.4,3.4,6.9
2011,5933067,Other,0.4093,1.7274,0.1002,1.6927,1.3567,1.0267,1.4038,0.4093,0.4093
2011,5933067,Total,8.9885,62.7514,0.2002,28.5911,28.2551,26.3039,22.2437,9.9559,13.4559
2011,5933028,Municipal,8.6484,40,0,29.4,19.4068,19.4068,0,8.6484,8.6484
2011,5933028,Reg'l District,1.4146,4.9511,0,4.8096,4.8096,3.4658,0,1.4146,1.4146
2011,5933028,Hospital,0.4724,1.6534,0,1.6062,1.6062,1.1574,0,0.4724,0.4724
2011,5933028,School,3.4689,13.6,0.1,6,6,6,2.4,3.4,6.9
2011,5933028,Other,0.4364,1.8223,0.1002,1.7848,1.4488,1.093,1.4851,0.4364,0.4364
2011,5933028,Total,14.4407,62.0268,0.2002,43.6006,33.2714,31.123,3.8851,14.3718,17.8718
2011,5937010,Municipal,2.7022,40,0,28.6266,7.9715,6.4852,0,2.7022,12.1599
2011,5937010,Reg'l District,1.9228,6.73,0,6.5377,6.5377,4.7109,0,1.9228,1.9228
2011,5937010,Hospital,0.2961,1.0363,0,1.0067,1.0067,0.7254,0,0.2961,0.2961
2011,5937010,School,2.2883,13.6,0.1,6,6,6,2.4,3.4,6.9
2011,5937010,Other,0.0621,0.5122,0.0002,0.5122,0.1762,0.176,0.3622,0.0621,0.0621
2011,5937010,Total,7.2715,61.8785,0.1002,42.6832,21.6921,18.0975,2.7622,8.3832,21.3409
2011,5917041,Municipal,3.4916,47.9417,0,0,36.3382,13.7962,0,12.5932,109.0334
2011,5917041,Reg'l District,0.4596,6.3099,0,0,4.7827,1.8158,0,1.6575,14.3506
2011,5917041,Hospital,0.313,1.0954,0,0,1.0641,0.7668,0,0.313,0.313
2011,5917041,School,2.0225,13.6,0.1,6,6,6,2.4,3.4,6.9
2011,5917041,Other,0.3088,1.7087,0.2469,1.7087,1.3727,1.3725,1.5587,0.3088,0.3088
2011,5917041,Total,6.5955,70.6557,0.3469,7.7087,49.5577,23.7513,3.9587,18.2725,130.9058
2011,5926005,Municipal,3.3985,25.961,0,16.4628,16.4628,11.8605,0,6.0636,3.3985
2011,5926005,Reg'l District,0.7791,4.0062,0,3.0953,3.0953,2.2302,0,1.0215,0.7791
2011,5926005,Hospital,0.8404,2.9414,0,2.8574,2.8574,2.059,0,0.8404,0.8404
2011,5926005,School,2.325,13.6,0.1,6,6,6,2.4,3.4,6.9
2011,5926005,Other,0.0621,0.5122,0.0002,0.5122,0.1762,0.176,0.3622,0.0621,0.0621
2011,5926005,Total,7.4051,47.0208,0.1002,28.9277,28.5917,22.3257,2.7622,11.3876,11.9801
2011,5915034,Municipal,3.2021,39.9998,0,28.8552,13.8101,13.8127,0,15.2557,17.7553
2011,5915034,Reg'l District,0.0607,0.2125,0,0.2064,0.2064,0.1487,0.1821,0.0607,0.0607
2011,5915034,Hospital,0,0,0,0,0,0,0,0,0
2011,5915034,School,1.7796,13.6,0.1,6,6,6,2.4,3.4,6.9
2011,5915034,Other,0.3936,3.2539,1.5234,2.6252,1.8769,1.6268,0.3622,0.3791,0.4286
2011,5915034,Total,5.436,57.0662,1.6234,37.6868,21.8934,21.5882,2.9443,19.0955,25.1446
2011,5926010,Municipal,4.0457,28.3196,4.0457,15.778,15.778,11.3279,0,4.0457,4.0457
2011,5926010,Reg'l District,0.7972,3.9886,0.7972,2.8818,2.8818,2.0731,0,0.7972,0.7972
2011,5926010,Hospital,0.8422,2.9478,0.8422,2.8635,2.8635,2.0634,0,0.8422,0.8422
2011,5926010,School,2.325,13.6,0.1,6,6,6,2.4,3.4,6.9
2011,5926010,Other,0.0621,0.5122,0.0002,0.5122,0.1762,0.176,0.3622,0.0621,0.0621
2011,5926010,Total,8.0722,49.3682,5.7853,28.0355,27.6995,21.6404,2.7622,9.1472,12.6472
2011,5901022,Municipal,7.3476,48.2572,0,0,20.6593,19.3029,0,18.1963,20.6798
2011,5901022,Reg'l District,0.1529,1.004,0,0,0.4298,0.4016,0,0.3786,0.4303
2011,5901022,Hospital,0.1616,0.5656,0,0,0.5495,0.3959,0,0.1616,0.1616
2011,5901022,School,2.4999,13.6,0.1,6,6,6,2.4,3.4,6.9
2011,5901022,Other,0.0621,0.5122,0.0002,0.5122,0.1762,0.176,0.3622,0.0621,0.0621
2011,5901022,Total,10.2241,63.939,0.1002,6.5122,27.8148,26.2764,2.7622,22.1986,28.2338
2011,5903004,Municipal,5.15703,40,0,0,15.3164,9.53021,0,5.15703,5.67274
2011,5903004,Reg'l District,2.62244,9.17854,0,0,8.91629,6.42497,0,2.62244,2.62244
2011,5903004,Hospital,0.1616,0.56559,0,0,0.54943,0.39591,0,0.1616,0.1616
2011,5903004,School,2.5462,13.6,0.1,6,6,6,2.4,3.4,6.9
2011,5903004,Other,0.0621,0.5122,0.0002,0.5122,0.1762,0.176,0.3622,0.0621,0.0621
2011,5903004,Total,10.54937,63.85633,0.1002,6.5122,30.95832,22.52709,2.7622,11.40317,15.41888
2011,5926014,Municipal,4.5753,46.6029,4.5753,9.1506,9.1506,9.1506,14.1835,4.5753,4.5753
2011,5926014,Reg'l District,0.7965,5.14,0.7965,2.2159,2.2159,1.7932,2.4247,0.7965,0.7965
2011,5926014,Hospital,0.8404,2.9414,0.8404,2.8574,2.8574,2.059,2.5212,0.8404,0.8404
2011,5926014,School,2.325,13.6,0.1,6,6,6,2.4,3.4,6.9
2011,5926014,Other,0.3962,1.6815,0.1002,1.6481,1.3121,0.9945,1.3644,0.3962,0.3962
2011,5926014,Total,8.9334,69.9658,6.4124,21.872,21.536,19.9973,22.8938,10.0084,13.5084
2011,5955014,Municipal,5.16,41.88,0,16.75,16.75,16.75,0,6.3,6.3
2011,5955014,Reg'l District,0.7178,2.5123,0,2.4406,2.4406,1.7586,0,0.7178,0.7178
2011,5955014,Hospital,0.5974,2.091,0,2.0313,2.0313,1.4637,0,0.5974,0.5974
2011,5955014,School,2.9808,13.6,0.1,6,6,6,2.4,3.4,6.9
2011,5955014,Other,0.0621,0.5122,0.0002,0.5122,0.1762,0.176,0.3622,0.0621,0.0621
2011,5955014,Total,9.5181,60.5955,0.1002,27.7341,27.3981,26.1483,2.7622,11.0773,14.5773
2011,5915011,Municipal,3.4387,39.9989,0,34.0432,10.4639,10.4708,0,7.3794,17.9741
2011,5915011,Reg'l District,0.0586,0.2051,0,0.1992,0.1992,0.1436,0,0.0586,0.0586
2011,5915011,Hospital,0,0,0,0,0,0,0,0,0
2011,5915011,School,1.7536,13.6,0.1,6,6,6,2.4,3.4,6.9
2011,5915011,Other,0.5715,5.3232,1.5234,4.3864,2.4182,2.1685,0.3622,0.7609,1.3585
2011,5915011,Total,5.8224,59.1272,1.6234,44.6288,19.0813,18.7829,2.7622,11.5989,26.2912
2011,5919012,Municipal,4.5736,40.1044,0,0,12.3952,12.0848,0,4.5736,4.5736
2011,5919012,Reg'l District,1.5696,5.4936,0,0,5.3366,3.8455,0,1.5696,1.5696
2011,5919012,Hospital,0.5069,1.7742,0,0,1.7236,1.2419,0,0.5069,0.5069
2011,5919012,School,2.3116,13.6,0.1,6,6,6,2.4,3.4,6.9
2011,5919012,Other,0.4043,1.71,0.1002,1.6758,1.3398,1.0145,1.3889,0.4043,0.4043
2011,5919012,Total,9.366,62.6822,0.2002,7.6758,26.7952,24.1867,3.7889,10.4544,13.9544
2011,5901003,Municipal,3.8348,23.20054,0,44.99445,13.03832,9.28022,32.21232,3.8348,3.8348
2011,5901003,Reg'l District,1.11292,6.73317,0,0.81852,3.78393,2.69327,9.34853,1.11292,1.11292
2011,5901003,Hospital,0.16862,0.59017,0,0.57331,0.57331,0.41312,0.50586,0.16862,0.16862
2011,5901003,School,2.4999,13.6,0.1,6,6,6,2.4,3.4,6.9
2011,5901003,Other,0.3618,1.5612,0.1002,1.5313,1.1953,0.9103,1.2614,0.3618,0.3618
2011,5901003,Total,7.97804,45.68508,0.2002,53.91758,24.59086,19.29691,45.72811,8.87814,12.37814
2011,5937033,Municipal,3.8327,20.8357,0,0,10.0772,7.6401,0,0.2662,3.3316
2011,5937033,Reg'l District,0.9423,3.298,0,0,3.2038,2.3086,0,0.9423,0.9423
2011,5937033,Hospital,0.3312,1.1592,0,0,1.1261,0.8114,0,0.3312,0.3312
2011,5937033,School,2.4365,13.6,0.1,6,6,6,2.4,3.4,6.9
2011,5937033,Other,0.4117,1.7357,0.1002,1.7007,1.3647,1.0324,1.4109,0.4117,0.4117
2011,5937033,Total,7.9544,40.6286,0.2002,7.7007,21.7718,17.7925,3.8109,5.3514,11.9168
2011,5917040,Municipal,5.0192,21.08975,0,32.20362,16.64594,12.39388,0,4.91043,0
2011,5917040,Reg'l District,0.77675,3.26378,0,4.98373,2.57607,1.91804,0,0.75992,0
2011,5917040,Hospital,0.31033,1.08616,0,1.05513,1.05513,0.76032,0,0.31033,0
2011,5917040,School,1.7909,13.6,0.1,6,6,6,2.4,3.4,6.9
2011,5917040,Other,0.3088,1.7087,0.2469,1.7087,1.3727,1.3725,1.5587,0.3088,0.3088
2011,5917040,Total,8.20598,40.74839,0.3469,45.95118,27.64984,22.44474,3.9587,9.68948,7.2088
2011,5901012,Municipal,3.66549,40,3.66549,0,12.46268,8.83975,0,3.66549,3.66549
2011,5901012,Reg'l District,1.1655,12.71861,1.1655,0,3.96269,2.81073,0,1.1655,1.1655
2011,5901012,Hospital,0.16159,0.56556,0.16159,0,0.5494,0.39589,0,0.16159,0.16159
2011,5901012,School,2.4999,13.6,0.1,6,6,6,2.4,3.4,6.9
2011,5901012,Other,0.3087,1.3753,0.1002,1.3507,1.0147,0.7802,1.102,0.3087,0.3087
2011,5901012,Total,7.80118,68.25947,5.19278,7.3507,23.98947,18.82657,3.502,8.70128,12.20128
2011,5951013,Municipal,4.419,46.4267,0,62.4556,13.0441,15.1342,0,3.5464,0
2011,5951013,Reg'l District,1.1914,4.1699,0,4.0508,4.0508,2.9189,0,1.1914,0
2011,5951013,Hospital,0.5528,1.9348,0,1.8795,1.8795,1.3544,0,0.5528,0
2011,5951013,School,3.8135,13.6,0.1,6,6,6,2.4,3.4,6.9
2011,5951013,Other,0.4641,1.9192,0.1002,1.879,1.543,1.1609,1.5682,0.4641,0.4641
2011,5951013,Total,10.4408,68.0506,0.2002,76.2649,26.5174,26.5684,3.9682,9.1547,7.3641
2011,5955034,Municipal,5.1888,40,0,28.794,26.3034,14.5986,0,10.9363,1.5566
2011,5955034,Reg'l District,0.8217,2.8759,0,2.7937,2.7937,2.0131,0,0.8217,0.8217
2011,5955034,Hospital,0.5937,2.0778,0,2.0184,2.0184,1.4545,0,0.5937,0.5937
2011,5955034,School,2.4069,13.6,0.1,6,6,6,2.4,3.4,6.9
2011,5955034,Other,0.3046,1.361,0.0002,1.3368,1.0008,0.7702,0.3622,0.3046,0.3046
2011,5955034,Total,9.3157,59.9147,0.1002,40.9429,38.1163,24.8364,2.7622,16.0563,10.1766
2011,5951009,Municipal,5.3491,38.5675,0,30.5675,0,22.2602,0,8.331,0
2011,5951009,Reg'l District,0.89903,3.14665,0,3.0567,0,2.20262,0,0.89903,0
2011,5951009,Hospital,0.55384,1.93844,0,1.88306,0,1.35691,0,0.55384,0
2011,5951009,School,3.8135,13.6,0.1,6,6,6,2.4,3.4,6.9
2011,5951009,Other,0.3954,1.6788,0.1002,1.6454,1.3094,0.9926,1.3621,0.3954,0.3954
2011,5951009,Total,11.01087,58.93139,0.2002,43.15266,7.3094,32.81233,3.7621,13.57927,7.2954
2011,5905005,Municipal,2.714,12.2129,2.714,9.2275,9.2275,5.9708,8.1419,2.714,2.714
2011,5905005,Reg'l District,3.25,11.375,3.25,11.05,11.05,7.9625,9.75,3.25,3.25
2011,5905005,Hospital,0.2845,0.9958,0.2845,0.9673,0.9673,0.697,0.8535,0.2845,0.2845
2011,5905005,School,2.8691,13.6,0.1,6,6,6,2.4,3.4,6.9
2011,5905005,Other,0.4633,1.9165,0.1002,1.8764,1.5404,1.159,1.5659,0.4633,0.4633
2011,5905005,Total,9.5809,40.1002,6.4487,29.1212,28.7852,21.7893,22.7113,10.1118,13.6118
2011,5929005,Municipal,2.1825,15.3328,0,0,6.0841,6.1678,0,3.155,5.2152
2011,5929005,Reg'l District,2.3872,8.3553,0,0,8.1164,5.8485,0,1.1186,1.1186
2011,5929005,Hospital,0.1983,0.6942,0,0,0.6743,0.4859,0,0.1983,0.1983
2011,5929005,School,1.9984,13.6,0.1,6,6,6,2.4,3.4,6.9
2011,5929005,Other,0.3375,1.476,0.1002,1.4485,1.1125,0.8507,1.1884,0.3375,0.3375
2011,5929005,Total,7.1039,39.4583,0.2002,7.4485,21.9873,19.3529,3.5884,8.2094,13.7696
2011,5924025,Municipal,7.1268,28.5072,0,0,45.4483,14.3249,0,14.3249,45.4483
2011,5924025,Reg'l District,0.166,0.664,0,0,1.0586,0.3337,0,0.3337,1.0586
2011,5924025,Hospital,0.8409,2.9432,0,0,2.8591,2.0602,0,0.8409,0.8409
2011,5924025,School,5.5662,13.6,0.1,6,6,6,2.4,3.4,6.9
2011,5924025,Other,0.5446,2.2155,0.1002,2.0536,1.9035,1.3453,1.7222,0.574,0.7013
2011,5924025,Total,14.2445,47.9299,0.2002,8.0536,57.2695,24.0641,4.1222,19.4735,54.9491
2011,5939007,Municipal,5.44939,40,0,29.42672,19.12682,13.07854,0,5.44939,0
2011,5939007,Reg'l District,0.52448,1.83569,0,1.78324,1.78324,1.28498,0,0.52448,0
2011,5939007,Hospital,0.16161,0.56564,0,0.54948,0.54948,0.39595,0,0.16161,0
2011,5939007,School,2.3237,13.6,0.1,6,6,6,2.4,3.4,6.9
2011,5939007,Other,0.3804,1.6264,0.1002,1.5945,1.2585,0.9559,1.3172,0.3804,0.3804
2011,5939007,Total,8.83958,57.62773,0.2002,39.35394,28.71804,21.71537,3.7172,9.91588,7.2804
2011,5905032,Municipal,3.8989,38.6771,0,43.3948,11.4238,9.3184,0,3.1191,4.2108
2011,5905032,Reg'l District,2.2502,7.8759,0,7.6508,7.6508,5.5131,0,2.2502,2.2502
2011,5905032,Hospital,0.2845,0.9957,0,0.9673,0.9673,0.6971,0,0.2845,0.2845
2011,5905032,School,2.9155,13.6,0.1,6,6,6,2.4,3.4,6.9
2011,5905032,Other,0.4063,1.7169,0.1002,1.6825,1.3465,1.0193,1.3948,0.4063,0.4063
2011,5905032,Total,9.7554,62.8656,0.2002,59.6954,27.3884,22.5479,3.7948,9.4601,14.0518
2011,5951032,Municipal,25.592,83.256,0,0,80.877,58.3,0,0,0
2011,5951032,Reg'l District,0.8098,2.8344,0,0,2.7534,1.9841,0,0,0
2011,5951032,Hospital,0.5528,1.9348,0,0,1.8796,1.3544,0,0,0
2011,5951032,School,3.8135,13.6,0.1,6,6,6,2.4,3.4,6.9
2011,5951032,Other,0.6549,2.5869,0.1002,2.5276,2.1916,1.6283,2.1405,0.6549,0.6549
2011,5951032,Total,31.423,104.2121,0.2002,8.5276,93.7016,69.2668,4.5405,4.0549,7.5549
2011,5905042,Municipal,7.1076,24.8766,0,0,0,14.57058,0,7.1076,0
2011,5905042,Reg'l District,0.6979,2.44265,0,0,0,1.70986,0,0.6979,0
2011,5905042,Hospital,0.2913,1.01955,0,0,0,0.71369,0,0.2913,0
2011,5905042,School,2.9155,13.6,0.1,6,6,6,2.4,3.4,6.9
2011,5905042,Other,0.4815,1.9801,0.1002,1.9381,1.6021,1.2035,1.6204,0.4815,0.4815
2011,5905042,Total,11.4938,43.9189,0.2002,7.9381,7.6021,24.19763,4.0204,11.9783,7.3815
2011,5909027,Municipal,3.59231,12.57309,3.59231,12.21385,12.21385,12.57309,10.77693,17.06347,3.59231
2011,5909027,Reg'l District,0.26122,0.91427,0.26122,0.88815,0.88815,0.63999,0.78366,0.26122,0.26122
2011,5909027,Hospital,0.23087,0.80805,0.23087,0.78496,0.78496,0.56563,0.69261,0.23087,0.23087
2011,5909027,School,2.8322,13.6,0.1,6,6,6,2.4,3.4,6.9
2011,5909027,Other,0.3182,1.4085,0.1002,1.3829,1.0469,0.8034,1.1305,0.3182,0.3182
2011,5909027,Total,7.2348,29.30391,4.2846,21.26986,20.93386,20.58211,15.7837,21.27376,11.3026
2011,5949022,Municipal,7.667,26.8345,0,26.0678,26.0678,18.7842,0,7.667,7.667
2011,5949022,Reg'l District,2.2564,7.8974,0,7.6718,7.6718,5.5282,0,2.2564,2.2564
2011,5949022,Hospital,0.5567,1.9485,0,1.8928,1.8928,1.3639,0,0.5567,0.5567
2011,5949022,School,3.2816,13.6,0.1,6,6,6,2.4,3.4,6.9
2011,5949022,Other,0.5629,2.2649,0.1002,2.2148,1.8788,1.4029,1.8645,0.5629,0.5629
2011,5949022,Total,14.3246,52.5453,0.2002,43.8472,43.5112,33.0792,4.2645,14.443,17.943
2011,5917049,Municipal,2.4992,14.6326,0,0,4.0601,10.4341,18.3091,15.4674,14.1521
2011,5917049,Reg'l District,0.3448,1.2067,0,0,1.1722,0.8447,1.0343,0.3448,0.3448
2011,5917049,Hospital,0.3106,1.0871,0,0,1.056,0.761,0.9318,0.3106,0.3106
2011,5917049,School,2.0225,13.6,0.1,6,6,6,2.4,3.4,6.9
2011,5917049,Other,0.5506,2.555,0.3469,2.5308,2.1948,1.9649,2.2841,0.5506,0.5506
2011,5917049,Total,5.7277,33.0814,0.4469,8.5308,14.4831,20.0047,24.9593,20.0734,22.2581
2011,5909009,Municipal,6.5881,40,6.5881,17.1291,17.1291,16.1408,19.7643,11.9245,18.9078
2011,5909009,Reg'l District,1.3047,4.5663,1.3047,4.4359,4.4359,3.1964,3.914,1.3047,1.3047
2011,5909009,Hospital,0.231,0.8086,0.231,0.7855,0.7855,0.566,0.6931,0.231,0.231
2011,5909009,School,2.8322,13.6,0.1,6,6,6,2.4,3.4,6.9
2011,5909009,Other,0.0621,0.5122,0.0002,0.5122,0.1762,0.176,0.3622,0.0621,0.0621
2011,5909009,Total,11.0181,59.4871,8.224,28.8627,28.5267,26.0792,27.1336,16.9223,27.4056
2011,5951034,Municipal,7.135,39,0,58.66,58.66,20.75,0,6.6,6.6
2011,5951034,Reg'l District,0.8518,2.9813,0,2.89612,2.89612,2.08671,0,0.8518,0.8518
2011,5951034,Hospital,0.56285,1.96998,0,1.91369,1.91369,1.37893,0,0.56285,0.56285
2011,5951034,School,3.0113,13.6,0.1,6,6,6,2.4,3.4,6.9
2011,5951034,Other,0.4819,1.9815,0.1002,1.9395,1.6035,1.2045,1.6216,0.4819,0.4819
2011,5951034,Total,12.04285,59.53278,0.2002,71.40931,71.07331,31.42014,4.0216,11.89655,15.39655
2011,5955025,Municipal,3.5,24,0,16,16,9.7,0,3,3
2011,5955025,Reg'l District,0.5164,1.8072,0,1.7555,1.7555,1.265,0,0.5164,0.5164
2011,5955025,Hospital,0.5949,2.0821,0,2.0226,2.0226,1.4575,0,0.5949,0.5949
2011,5955025,School,2.4069,13.6,0.1,6,6,6,2.4,3.4,6.9
2011,5955025,Other,0.3594,1.5529,0.1002,1.5231,1.1871,0.9045,1.2542,0.3594,0.3594
2011,5955025,Total,7.3776,43.0422,0.2002,27.3012,26.9652,19.327,3.6542,7.8707,11.3707
2011,5901039,Municipal,3.57105,24.1046,3.57105,9.64184,9.64184,9.64184,9.64184,3.57105,3.57105
2011,5901039,Reg'l District,0.59604,2.08612,0.59604,2.02652,2.02652,1.46029,1.78811,0.59604,0.59604
2011,5901039,Hospital,0.16165,0.56576,0.16165,0.54959,0.54959,0.39603,0.48494,0.16165,0.16165
2011,5901039,School,2.3237,13.6,0.1,6,6,6,2.4,3.4,6.9
2011,5901039,Other,0.3,1.3449,0.1002,1.3211,0.9851,0.7589,1.0759,0.3,0.3
2011,5901039,Total,6.95244,41.70138,4.52894,19.53905,19.20305,18.25706,15.39079,8.02874,11.52874
2011,5933042,Municipal,5.28,40,5.28,78.7,25.37,14.73,15.84,13.04,12.97
2011,5933042,Reg'l District,0.3769,1.3192,0.3769,1.2815,1.2815,0.9234,1.1265,0.3769,0.3769
2011,5933042,Hospital,0.4732,1.6562,0.4732,1.6089,1.6089,1.1593,1.4196,0.4732,0.4732
2011,5933042,School,2.4326,13.6,0.1,6,6,6,2.4,3.4,6.9
2011,5933042,Other,0.0621,0.5122,0.0002,0.5122,0.1762,0.176,0.3622,0.0621,0.0621
2011,5933042,Total,8.6248,57.0876,6.2303,88.1026,34.4366,22.9887,21.1483,17.3522,20.7822
2011,5903023,Municipal,3.06535,14.25387,3.06535,10.42219,10.42219,7.51011,9.19605,3.18796,3.06535
2011,5903023,Reg'l District,2.09911,7.34689,2.09911,7.13697,7.13697,5.14282,6.29733,2.09911,2.09911
2011,5903023,Hospital,0.29121,1.01925,0.29121,0.99013,0.99013,0.71347,0.87364,0.29121,0.29121
2011,5903023,School,2.5462,13.6,0.1,6,6,6,2.4,3.4,6.9
2011,5903023,Other,0.381,1.6285,0.1002,1.5966,1.2606,0.9574,1.319,0.381,0.381
2011,5903023,Total,8.38287,37.84851,5.65587,26.14589,25.80989,20.3238,20.08602,9.35928,12.73667
2011,5935010,Municipal,4.03,20.2713,4.03,12.4558,8.4152,8.4152,0,4.03,0.5
2011,5935010,Reg'l District,0.3756,1.3146,0.3756,1.2771,1.2771,0.9202,0,0.3756,0.3756
2011,5935010,Hospital,0.361,1.2636,0.361,1.2275,1.2275,0.8845,0,0.361,0.361
2011,5935010,School,2.0389,13.6,0.1,6,6,6,2.4,3.4,6.9
2011,5935010,Other,0.0621,0.5122,0.0002,0.5122,0.1762,0.176,0.3622,0.0621,0.0621
2011,5935010,Total,6.8676,36.9617,4.8668,21.4726,17.096,16.3959,2.7622,8.2287,8.1987
2011,5909032,Municipal,4.05687,56.83021,0,0,14.82301,10.9585,12.58636,9.56563,18.10556
2011,5909032,Reg'l District,0.12753,1.78666,0,0,0.46548,0.34432,0.39534,0.30097,0.56877
2011,5909032,Hospital,0.231,0.80849,0,0,0.78539,0.56594,0.69299,0.231,0.231
2011,5909032,School,2.8322,13.6,0.1,6,6,6,2.4,3.4,6.9
2011,5909032,Other,0.0621,0.5122,0.0002,0.5122,0.1762,0.176,0.3622,0.0621,0.0621
2011,5909032,Total,7.3097,73.53756,0.1002,6.5122,22.25008,18.04476,16.43689,13.5597,25.86743
2011,5907009,Municipal,4.0216,17.9197,0,0,5.6951,7.4937,0,4.7922,13.423
2011,5907009,Reg'l District,1.954,6.8387,0,0,6.6434,4.7871,0,1.954,1.954
2011,5907009,Hospital,0.3046,1.066,0,0,1.0355,0.7462,0,0.3046,0.3046
2011,5907009,School,2.642,13.6,0.1,6,6,6,2.4,3.4,6.9
2011,5907009,Other,0.385,1.6423,0.1002,1.61,1.274,0.9671,1.3309,0.385,0.385
2011,5907009,Total,9.3072,41.0667,0.2002,7.61,20.648,19.9941,3.7309,10.8358,22.9666
2011,5901028,Municipal,5.29345,35.67511,5.29345,0,8.88382,21.22721,0,18.63187,0
2011,5901028,Reg'l District,0.75221,2.63272,0.75221,0,2.5575,1.8429,0,0.75221,0
2011,5901028,Hospital,0.16152,0.56531,0.16152,0,0.54916,0.39572,0,0.16152,0
2011,5901028,School,2.3237,13.6,0.1,6,6,6,2.4,3.4,6.9
2011,5901028,Other,0.0621,0.5122,0.0002,0.5122,0.1762,0.176,0.3622,0.0621,0.0621
2011,5901028,Total,8.59298,52.98534,6.30738,6.5122,18.16668,29.64183,2.7622,23.0077,6.9621
2011,5949005,Municipal,0,39.87592,0,33.93264,47.23497,14.66755,0,17.18518,0
2011,5949005,Reg'l District,0.07956,0.72857,0,0.61998,0.86302,0.26799,0,0.31399,0
2011,5949005,Hospital,0.55705,1.94968,0,1.89397,1.89397,1.36477,0,0.55705,0
2011,5949005,School,3.2816,13.6,0.1,6,6,6,2.4,3.4,6.9
2011,5949005,Other,0.26631,1.22694,0.0002,1.20651,0.87051,0.67631,0.3622,0.26631,0.0621
2011,5949005,Total,4.18452,57.38111,0.1002,43.6531,56.86247,22.97662,2.7622,21.72253,6.9621
2011,5919021,Municipal,5.1197,37.8129,5.1197,100.2588,21.7608,15.1244,43.8462,2.8383,29.2453
2011,5919021,Reg'l District,0.8024,2.8084,0.8024,2.7282,2.7282,1.9659,2.4072,0.8024,0.8024
2011,5919021,Hospital,0.5066,1.7731,0.5066,1.7223,1.7223,1.2412,1.5198,0.5066,0.5066
2011,5919021,School,2.3349,13.6,0.1,6,6,6,2.4,3.4,6.9
2011,5919021,Other,0.0621,0.5122,0.0002,0.5122,0.1762,0.176,0.3622,0.0621,0.0621
2011,5919021,Total,8.8257,56.5066,6.5289,111.2215,32.3875,24.5075,50.5354,7.6094,37.5164
2011,5935016,Municipal,3.5805,44.6974,0,0,16.3867,8.7692,0,7.0921,1.0869
2011,5935016,Reg'l District,0.4345,1.5208,0,0,1.4773,1.0645,0,0.4345,0.4345
2011,5935016,Hospital,0.361,1.2635,0,0,1.2274,0.8845,0,0.361,0.361
2011,5935016,School,2.0389,13.6,0.1,6,6,6,2.4,3.4,6.9
2011,5935016,Other,0.0621,0.5122,0.0002,0.5122,0.1762,0.176,0.3622,0.0621,0.0621
2011,5935016,Total,6.477,61.5939,0.1002,6.5122,25.2676,16.8942,2.7622,11.3497,8.8445
2011,5919016,Municipal,4.78288,27.07865,0,86.27002,16.26179,12.43549,17.9358,4.78288,0
2011,5919016,Reg'l District,2.32975,8.15413,0,7.92115,7.92115,5.70789,6.98925,2.32975,0
2011,5919016,Hospital,0.50694,1.77429,0,1.7236,1.7236,1.242,1.52082,0.50694,0
2011,5919016,School,2.3116,13.6,0.1,6,6,6,2.4,3.4,6.9
2011,5919016,Other,0.3999,1.6944,0.1002,1.6606,1.3246,1.0035,1.3755,0.3999,0.3999
2011,5919016,Total,10.33107,52.30147,0.2002,103.57537,33.23114,26.38888,30.22137,11.41947,7.2999
2011,5917044,Municipal,2.7782,20.5587,0,8.918,8.918,8.3346,2.7782,3.3477,2.7782
2011,5917044,Reg'l District,0.5609,1.9632,0,1.9071,1.9071,1.3742,1.6827,0.5609,0.5609
2011,5917044,Hospital,0.3112,1.0892,0,1.0581,1.0581,0.7624,0.9336,0.3112,0.3112
2011,5917044,School,2.0225,13.6,0.1,6,6,6,2.4,3.4,6.9
2011,5917044,Other,0.3088,1.7087,0.2469,1.7087,1.3727,1.3725,1.5587,0.3088,0.3088
2011,5917044,Total,5.9816,38.9198,0.3469,19.5919,19.2559,17.8437,9.3532,7.9286,10.8591
2011,5915001,Municipal,3.3473,27.5192,0,8.7641,9.6469,9.9496,0,5.0851,10.2475
2011,5915001,Reg'l District,0.05989,0.20962,0,0.20363,0.20363,0.14674,0,0.05989,0.05989
2011,5915001,Hospital,0,0,0,0,0,0,0,0,0
2011,5915001,School,1.9622,13.6,0.1,6,6,6,2.4,3.4,6.9
2011,5915001,Other,0.3936,3.2539,1.5234,2.6252,1.8769,1.6268,0.3622,0.3791,0.4286
2011,5915002,Municipal,3.8857,40,3.8857,0,9.8114,8.8827,0,8.8827,3.8857
2011,5915002,Reg'l District,0.0612,0.2141,0.0612,0,0.208,0.1499,0,0.0612,0.0612
2011,5915002,Hospital,0,0,0,0,0,0,0,0,0
2011,5915002,School,1.9622,13.6,0.1,6,6,6,2.4,3.4,6.9
2011,5915002,Other,0.3936,3.2539,1.5234,2.6252,1.8769,1.6268,0.3622,0.3791,0.4286
2011,5921008,Municipal,2.0768,40,0,0,14.5373,8.307,7.7879,3.6344,2.6997
2011,5921008,Reg'l District,0.7743,2.7101,0,0,2.6326,1.897,2.3229,0.7743,0.7743
2011,5921008,Hospital,0.2254,0.7889,0,0,0.7664,0.5522,0.6762,0.2254,0.2254
2011,5921008,School,2.3349,13.6,0.1,6,6,6,2.4,3.4,6.9
2011,5921008,Other,0.3261,1.436,0.1002,1.4096,1.0736,0.8227,1.1541,0.3261,0.3261
2011,5921008,Total,5.7375,58.535,0.2002,7.4096,25.0099,17.5789,14.3411,8.3602,10.9255
2011,5931026,Municipal,5.5442,42.9671,0,29.9383,17.1868,17.1868,0,5.5442,5.5442
2011,5931026,Reg'l District,0.7082,2.4787,0,2.4079,2.4079,1.7351,0,0.7082,0.7082
2011,5931026,Hospital,0.4726,1.6541,0,1.6069,1.6069,1.1579,0,0.4726,0.4726
2011,5931026,School,3.4689,13.6,0.1,6,6,6,2.4,3.4,6.9
2011,5931026,Other,0.4485,1.8646,0.1002,1.8259,1.4899,1.1227,1.5214,0.4485,0.4485
2011,5931026,Total,10.6424,62.5645,0.2002,41.779,28.6915,27.2025,3.9214,10.5735,14.0735
2011,5915065,Municipal,2.0045,37.4156,2.0045,4.5117,4.5117,4.5117,4.5117,7.3305,7.3305
2011,5915065,Reg'l District,0.0672,0.201,0.0672,0.1514,0.1514,0.1514,0.1514,0.0692,0.0692
2011,5915065,Hospital,0,0,0,0,0,0,0,0,0
2011,5915065,School,1.1804,13.6,0.1,6,6,6,2.4,3.4,6.9
2011,5915065,Other,0.5885,3.936,1.6234,3.2878,2.5395,2.1043,0.9469,0.574,0.6235
2011,5915065,Total,3.8406,55.1526,3.7951,13.9509,13.2026,12.7674,8.01,11.3737,14.9232
2011,5933035,Municipal,2.9712,23.873,2.9712,13.6933,10.148,10.148,2.9712,2.9712,2.9712
2011,5933035,Reg'l District,1.3314,4.6599,1.3314,4.5268,4.5268,3.2619,3.9942,1.3314,1.3314
2011,5933035,Hospital,0.4723,1.6531,0.4723,1.6058,1.6058,1.1571,1.4169,0.4723,0.4723
2011,5933035,School,2.4326,13.6,0.1,6,6,6,2.4,3.4,6.9
2011,5933035,Other,0.372,1.5968,0.1002,1.5658,1.2298,0.9352,1.2919,0.372,0.372
2011,5933035,Total,7.5795,45.3828,4.9751,27.3917,23.5104,21.5022,12.0742,8.5469,12.0469
2011,5937005,Municipal,3.673,39.9981,0,17.7981,12.9628,5.9023,0,4.3396,75.0867
2011,5937005,Reg'l District,3.9446,13.8062,0,13.4117,13.4117,9.6643,0,3.9446,3.9446
2011,5937005,Hospital,0.2952,1.0332,0,1.0037,1.0037,0.7232,0,0.2952,0.2952
2011,5937005,School,2.2883,13.6,0.1,6,6,6,2.4,3.4,6.9
2011,5937005,Other,0.3958,1.68,0.1002,1.6467,1.3107,0.9935,1.3632,0.3958,0.3958
2011,5937005,Total,10.5969,70.1175,0.2002,39.8602,34.6889,23.2833,3.7632,12.3752,86.6223
2011,5933015,Municipal,5.4162,40,0,58.887,0,17.0001,0,0,0
2011,5933015,Reg'l District,0.99,8.08,0,4.5112,0,3.23,0,0,0
2011,5933015,Hospital,0.2361,2.63,0,1.824,0,1.05,0,0,0
2011,5933015,School,3.4689,13.6,0.1,6,6,6,2.4,3.4,6.9
2011,5933015,Other,0.415,1.7473,0.1002,1.7121,1.3761,1.0406,1.4209,0.415,0.415
2011,5933015,Total,10.5262,66.0573,0.2002,72.9343,7.3761,28.3207,3.8209,3.815,7.315
2011,5953033,Municipal,5.496,38.896,0,38.721,23.408,8.375,0,0,0.01
2011,5953033,Reg'l District,0.711,2.487,0,2.416,2.416,1.741,2.132,0.711,0.711
2011,5953033,Hospital,0.356,1.246,0,1.211,1.211,0.872,1.068,0.356,0.356
2011,5953033,School,3.0735,13.6,0.1,6,6,6,2.4,3.4,6.9
2011,5953033,Other,0.431,1.8035,0.1002,1.7666,1.4306,1.0799,1.469,0.431,0.431
2011,5953033,Total,10.0675,58.0325,0.2002,50.1146,34.4656,18.0679,7.069,4.898,8.408
2011,5915075,Municipal,4.4625,40,0,34.9163,12.7314,12.7314,0,12.808,30.3483
2011,5915075,Reg'l District,0.0586,0.2051,0,0.1992,0.1992,0.1436,0,0.0586,0.0586
2011,5915075,Hospital,0,0,0,0,0,0,0,0,0
2011,5915075,School,2.0544,13.6,0.1,6,6,6,2.4,3.4,6.9
2011,5915075,Other,0.3936,3.2539,1.5234,2.6252,1.8769,1.6268,0.3622,0.3791,0.4286
2011,5915075,Total,6.9691,57.059,1.6234,43.7407,20.8075,20.5018,2.7622,16.6457,37.7355
2011,5947023,Municipal,6.4378,22.5323,0,0,21.8885,15.7726,0,6.4378,0
2011,5947023,Reg'l District,1.0018,3.5064,0,0,3.4062,2.4545,0,1.0018,0
2011,5947023,Hospital,0.5646,1.976,0,0,1.9196,1.3832,0,0.5646,0
2011,5947023,School,4.8272,13.6,0.1,6,6,6,2.4,3.4,6.9
2011,5947023,Other,0.481,1.9785,0.1002,1.9366,1.6006,1.2024,1.619,0.481,0.481
2011,5947023,Total,13.3124,43.5932,0.2002,7.9366,34.8149,26.8127,4.019,11.8852,7.381
2011,5953012,Municipal,5.9336,39.9999,0,0,37.5004,14.5373,17.8008,5.9336,5.9336
2011,5953012,Reg'l District,4.6024,16.1084,4.6024,15.6482,15.6482,11.2759,13.8072,4.6024,4.6024
2011,5953012,Hospital,0.3558,1.2453,0.3558,1.2097,1.2097,0.8717,1.0674,0.3558,0.3558
2011,5953012,School,3.0735,13.6,0.1,6,6,6,2.4,3.4,6.9
2011,5953012,Other,0.4573,1.8954,0.1002,1.8558,1.5198,1.1442,1.5478,0.4573,0.4573
2011,5953012,Total,14.4226,72.849,5.1584,24.7137,61.8781,33.8291,36.6232,14.7491,18.2491
2011,5933006,Municipal,4.9595,40.1323,4.9595,64.6173,29.9752,16.0539,29.9752,6.8888,23.5279
2011,5933006,Reg'l District,1.3234,4.6319,1.3234,4.4996,4.4996,3.2423,3.9702,1.3234,1.3234
2011,5933006,Hospital,0.4715,1.6503,0.4715,1.6031,1.6031,1.1552,1.4145,0.4715,0.4715
2011,5933006,School,2.7249,13.6,0.1,6,6,6,2.4,3.4,6.9
2011,5933006,Other,0.1491,1.2162,0.0872,1.6457,0.702,0.4576,0.6232,0.1829,0.4748
2011,5933006,Total,9.6284,61.2307,6.9416,78.3657,42.7799,26.909,38.3831,12.2666,32.6976
2011,5917042,Municipal,2.215,9.7945,0,11.1695,11.1695,8.2264,11.1445,5.2725,9.1462
2011,5917042,Reg'l District,0.3718,1.3013,0,1.2641,1.2641,0.9109,1.1154,0.3718,0.3718
2011,5917042,Hospital,0.3256,1.1394,0,1.1069,1.1069,0.7976,0.9767,0.3256,0.3256
2011,5917042,School,2.0225,13.6,0.1,6,6,6,2.4,3.4,6.9
2011,5917042,Other,0.506,2.3989,0.3469,2.3792,2.0432,1.8556,2.1503,0.506,0.506
2011,5917042,Total,5.4409,28.2341,0.4469,21.9197,21.5837,17.7905,17.7869,9.8759,17.2496
2011,5905037,Municipal,4.08,20.1,0,28.4,16.055,9.2839,0,0.42,6.85
2011,5905037,Reg'l District,0.6204,2.1715,0,2.1094,2.1094,1.5206,0,0.6204,0.6204
2011,5905037,Hospital,0.2912,1.0192,0,0.9901,0.9901,0.7135,0,0.2912,0.2912
2011,5905037,School,2.9155,13.6,0.1,6,6,6,2.4,3.4,6.9
2011,5905037,Other,0.4027,1.7041,0.1002,1.6701,1.3341,1.0104,1.3839,0.4027,0.4027
2011,5905037,Total,8.3098,38.5948,0.2002,39.1696,26.4886,18.5284,3.7839,5.1343,15.0643
2011,5909056,Municipal,4.8513,42.2093,4.8513,13.6557,13.6557,14.5549,11.2834,10.7773,20.0613
2011,5909056,Reg'l District,0.1063,0.9248,0.1063,0.2998,0.2998,0.3189,0.2477,0.236,0.4401
2011,5909056,Hospital,0.231,0.8085,0.231,0.7854,0.7854,0.566,0.693,0.231,0.231
2011,5909056,School,2.1878,13.6,0.1,6,6,6,2.4,3.4,6.9
2011,5909056,Other,0.0621,0.5122,0.0002,0.5122,0.1762,0.176,0.3622,0.0621,0.0621
2011,5909056,Total,7.4385,58.0548,5.2888,21.2531,20.9171,21.6158,14.9863,14.7064,27.6945
2011,5905009,Municipal,1.82597,9.1299,0,0,0,3.6519,0,0,0
2011,5905009,Reg'l District,3.24988,11.37458,0,0,0,7.96221,0,0,0
2011,5905009,Hospital,0.28451,0.99579,0,0,0,0.69705,0,0,0
2011,5905009,School,2.8691,13.6,0.1,6,6,6,2.4,3.4,6.9
2011,5905009,Other,0.434,1.8138,0.1002,1.7766,1.4406,1.0871,1.4778,0.434,0.434
2011,5905009,Total,8.66346,36.91407,0.2002,7.7766,7.4406,19.39826,3.8778,3.834,7.334
2011,5903050,Municipal,4.15247,20.35252,0,0,15.37752,8.90714,0,3.27998,3.31372
2011,5903050,Reg'l District,1.67231,5.8531,0,0,5.68587,4.09717,0,1.67231,1.67231
2011,5903050,Hospital,0.29246,1.02361,0,0,0.99436,0.71653,0,0.29246,0.29246
2011,5903050,School,2.8204,13.6,0.1,6,6,6,2.4,3.4,6.9
2011,5903050,Other,0.4027,1.7044,0.1002,1.6704,1.3344,1.0106,1.3841,0.4027,0.4027
2011,5903050,Total,9.34034,42.53363,0.2002,7.6704,29.39215,20.73144,3.7841,9.04745,12.58119
2011,5921007,Municipal,5.9363,45.3589,5.9363,14.8975,14.8975,14.8975,25.5565,9.8535,0.5
2011,5921007,Reg'l District,0.9143,4.7428,0.9143,2.7771,2.7771,2.2623,3.2293,1.1601,0.5733
2011,5921007,Hospital,0.2256,0.7895,0.2256,0.767,0.767,0.5527,0.6767,0.2256,0.2256
2011,5921007,School,2.3349,13.6,0.1,6,6,6,2.4,3.4,6.9
2011,5921007,Other,0.0621,0.5122,0.0002,0.5122,0.1762,0.176,0.3622,0.0621,0.0621
2011,5921007,Total,9.4732,65.0034,7.1764,24.9538,24.6178,23.8885,32.2247,14.7013,8.261
2011,5903015,Municipal,4.5173,31.637,4.5173,0,8.297,9.4142,4.5173,2.809,4.5173
2011,5903015,Reg'l District,1.7526,6.1341,1.7526,0,5.9588,4.2939,5.2578,1.7526,1.7526
2011,5903015,Hospital,0.2913,1.0196,0.2913,0,0.9904,0.7137,0.8739,0.2913,0.2913
2011,5903015,School,2.5462,13.6,0.1,6,6,6,2.4,3.4,6.9
2011,5903015,Other,0.0621,0.5122,0.0002,0.5122,0.1762,0.176,0.3622,0.0621,0.0621
2011,5903015,Total,9.1695,52.9029,6.6614,6.5122,21.4224,20.5978,13.4112,8.315,13.5233
2011,5903032,Municipal,2.7973,13.9865,2.7973,6.7135,6.4338,5.5946,2.2378,0.2797,2.7973
2011,5903032,Reg'l District,0.9169,3.2092,0.9169,3.1175,3.1175,2.2464,2.7507,0.9169,0.9169
2011,5903032,Hospital,0.2912,1.0193,0.2912,0.9901,0.9901,0.7135,0.8736,0.2912,0.2912
2011,5903032,School,2.8204,13.6,0.1,6,6,6,2.4,3.4,6.9
2011,5903032,Other,0.3742,1.6046,0.1002,1.5734,1.2374,0.9407,1.2985,0.3742,0.3742
2011,5903032,Total,7.2,33.4196,4.2056,18.3945,17.7788,15.4952,9.5606,5.262,11.2796
2011,5949024,Municipal,9.9,34.65,0,33.66,33.66,24.255,0,9.9,9.9
2011,5949024,Reg'l District,1.4945,5.2309,0,5.0815,5.0815,3.6616,0,1.4945,1.4945
2011,5949024,Hospital,0.4623,1.618,0,1.57,1.57,1.13,0,0.4623,0.4623
2011,5949024,School,3.2816,13.6,0.1,6,6,6,2.4,3.4,6.9
2011,5949024,Other,0.5646,2.2709,0.1002,2.2206,1.8846,1.4071,1.8697,0.5646,0.5646
2011,5949024,Total,15.703,57.3698,0.2002,48.5321,48.1961,36.4537,4.2697,15.8214,19.3214
2011,5915029,Municipal,3.7535,31.4126,3.7535,29.5188,19.2995,13.2283,0,3.7535,3.7535
2011,5915029,Reg'l District,0.0633,0.2214,0.0633,0.2151,0.2151,0.155,0,0.0633,0.0633
2011,5915029,Hospital,0,0,0,0,0,0,0,0,0
2011,5915029,School,1.8921,13.6,0.1,6,6,6,2.4,3.4,6.9
2011,5915029,Other,0.3936,3.2539,1.5234,2.6252,1.8769,1.6268,0.3622,0.3791,0.4286
2011,5915029,Total,6.1025,48.4879,5.4402,38.3591,27.3915,21.0101,2.7622,7.5959,11.1454
2011,5919008,Municipal,4.3412,30.5124,4.3412,28.5923,19.3139,9.4222,20.2115,3.1029,4.3057
2011,5919008,Reg'l District,0.7576,2.6516,0.7576,2.5758,2.5758,1.8561,2.2728,0.7576,0.7576
2011,5919008,Hospital,0.5069,1.7742,0.5069,1.7235,1.7235,1.2419,1.5207,0.5069,0.5069
2011,5919008,School,2.3116,13.6,0.1,6,6,6,2.4,3.4,6.9
2011,5919008,Other,0.0621,0.5122,0.0002,0.5122,0.1762,0.176,0.3622,0.0621,0.0621
2011,5919008,Total,7.9794,49.0504,5.7059,39.4038,29.7894,18.6962,26.7672,7.8295,12.5323
2011,5917005,Municipal,1.9356,16.3554,0,0,9.1979,9.1979,0,4.1801,5.7945
2011,5917005,Reg'l District,0.5326,4.5006,0,0,2.5311,2.5311,0,1.1503,1.5945
2011,5917005,Hospital,0.3114,1.0899,0,0,1.0588,0.7629,0,0.3114,0.3114
2011,5917005,School,1.7492,13.6,0.1,6,6,6,2.4,3.4,6.9
2011,5917005,Other,0.3088,1.7087,0.2469,1.7087,1.3727,1.3725,1.5587,0.3088,0.3088
2011,5917005,Total,4.8376,37.2546,0.3469,7.7087,20.1605,19.8644,3.9587,9.3506,14.9092
2011,5915051,Municipal,2.49602,40,0,27.5,8.57249,8.57249,0,2.95492,0
2011,5915051,Reg'l District,0.05801,0.20302,0,0.19722,0.19722,0.14212,0,0.058,0
2011,5915051,Hospital,0,0,0,0,0,0,0,0,0
2011,5915051,School,1.4918,13.6,0.1,6,6,6,2.4,3.4,6.9
2011,5915051,Other,0.3936,3.2539,1.5234,2.6252,1.8769,1.6268,0.3622,0.3791,0.4286
2011,5915046,Municipal,2.44107,40,0,29.33316,11.12193,8.47875,0,5.7481,0
2011,5915046,Reg'l District,0.05837,0.20428,0,0.19845,0.19845,0.143,0,0.05837,0
2011,5915046,Hospital,0,0,0,0,0,0,0,0,0
2011,5915046,School,1.4918,13.6,0.1,6,6,6,2.4,3.4,6.9
2011,5915046,Other,0.3936,3.2539,1.5234,2.6252,1.8769,1.6268,0.3622,0.3791,0.4286
2011,5959007,Municipal,4.9959,16.48647,0,15.37438,16.48647,15.48728,0,1.74857,0.91468
2011,5959007,Reg'l District,0,0,0,0,0,0,0,0,0
2011,5959007,Hospital,0.08275,0.28963,0,0.28136,0.28136,0.20274,0,0.08275,0.08275
2011,5959007,School,2.6209,13.6,0.1,6,6,6,2.4,3.4,6.9
2011,5959007,Other,0.0621,0.5122,0.0002,0.5122,0.1762,0.176,0.3622,0.0621,0.0621
2011,5959007,Total,7.76165,30.8883,0.1002,22.16794,22.94403,21.86602,2.7622,5.29342,7.95953
2011,5917030,Municipal,3.3547,0,0,0,0,6.6866,0,5.0277,2174.3351
2011,5917030,Reg'l District,0.4607,0,0,0,0,0.9183,0,0.6905,298.6008
2011,5917030,Hospital,0.3106,1.0871,0,0,0,0.761,0,0.3106,0.3106
2011,5917030,School,1.7909,13.6,0.1,6,6,6,2.4,3.4,6.9
2011,5917030,Other,0.3088,1.7087,0.2469,1.7087,1.3727,1.3725,1.5587,0.3088,0.3088
2011,5917030,Total,6.2257,16.3958,0.3469,7.7087,7.3727,15.7384,3.9587,9.7376,2480.4553
2011,5907014,Municipal,1.7017,10.9234,0,0,4.1691,4.1691,0,1.7017,1.7017
2011,5907014,Reg'l District,1.2848,6.275,0,0,3.7899,3.1479,0,1.2848,1.2848
2011,5907014,Hospital,0.3023,1.0581,0,0,1.0279,0.7407,0,0.3023,0.3023
2011,5907014,School,2.642,13.6,0.1,6,6,6,2.4,3.4,6.9
2011,5907014,Other,0.719,3.8008,0.1002,1.5935,2.0878,1.7855,1.3163,0.719,0.719
2011,5907014,Total,6.6498,35.6573,0.2002,7.5935,17.0747,15.8432,3.7163,7.4078,10.9078
2011,5941005,Municipal,4.7126,40,4.7126,55.78167,11.16888,10.08497,12.77118,3.67584,3.67584
2011,5941005,Reg'l District,1.4959,7.17596,1.4959,8.36787,4.68555,3.54442,4.37493,1.41036,1.41036
2011,5941005,Hospital,0.7257,2.53995,0.7257,2.46738,2.46738,1.77797,2.1771,0.7257,0.7257
2011,5941005,School,3.1985,13.6,0.1,6,6,6,2.4,3.4,6.9
2011,5941005,Other,0.508,1.6919,0.1002,1.6582,1.3222,1.0018,1.3734,0.3992,0.3992
2011,5941005,Total,10.6407,65.00781,7.1344,74.27512,25.64401,22.40916,23.09661,9.6111,13.1111
2011,5907005,Municipal,2.0207,7.0725,0,0,3.2332,3.2332,0,2.0207,2.0207
2011,5907005,Reg'l District,0.4859,1.7007,0,0,0.7774,0.7774,0,0.4859,0.4859
2011,5907005,Hospital,0.3044,1.0654,0,0,1.035,0.7458,0,0.3044,0.3044
2011,5907005,School,2.642,13.6,0.1,6,6,6,2.4,3.4,6.9
2011,5907005,Other,0.3136,1.3923,0.1002,1.3671,1.0311,0.7921,1.1166,0.3136,0.3136
2011,5907005,Total,5.7666,24.8309,0.2002,7.3671,12.0767,11.5485,3.5166,6.5246,10.0246
2011,5921018,Municipal,4.5323,22.367,4.5323,7.0255,7.0255,11.2908,4.5323,11.6639,7.8232
2011,5921018,Reg'l District,1.80033,8.8846,1.8004,2.7907,2.7907,4.485,1.8004,4.6332,3.1076
2011,5921018,Hospital,0.22538,0.7888,0.2254,0.7663,0.7663,0.5522,0.6761,0.2254,0.2255
2011,5921018,School,2.1811,13.6,0.1,6,6,6,2.4,3.4,6.9
2011,5921018,Other,0.0621,0.5122,0.0002,0.5122,0.1762,0.176,0.3622,0.0621,0.0621
2011,5921018,Total,8.80121,46.1526,6.6583,17.0947,16.7587,22.504,9.771,19.9846,18.1184
2011,5935018,Municipal,3.7044,31.4231,0,0,12.9656,7.0385,0,5.5567,3.7044
2011,5935018,Reg'l District,0.4403,1.5413,0,0,1.4972,1.0789,0,0.4403,0.4403
2011,5935018,Hospital,0.3613,1.2645,0,0,1.2284,0.8852,0,0.3613,0.3613
2011,5935018,School,2.0389,13.6,0.1,6,6,6,2.4,3.4,6.9
2011,5935018,Other,0.0621,0.5122,0.0002,0.5122,0.1762,0.176,0.3622,0.0621,0.0621
2011,5935018,Total,6.607,48.3411,0.1002,6.5122,21.8674,15.1786,2.7622,9.8204,11.4681
2011,5931012,Municipal,2.43711,14.6224,0,0,8.2856,5.4834,0,2.43711,2.43711
2011,5931012,Reg'l District,1.8716,11.2296,0,0,6.3634,4.2111,0,1.8716,1.8716
2011,5931012,Hospital,0.0477,0.167,0,0,0.1622,0.1169,0,0.0477,0.0477
2011,5931012,School,1.7925,13.6,0.1,6,6,6,2.4,3.4,6.9
2011,5931012,Other,0.3541,1.5343,0.1002,1.5051,1.1691,0.8915,1.2383,0.3541,0.3541
2011,5931012,Total,6.50301,41.1533,0.2002,7.5051,21.9803,16.7029,3.6383,8.11051,11.61051
2011,5907041,Municipal,4.5326,20.2234,4.5326,6.4948,6.4948,7.4026,7.4026,5.7908,21.9779
2011,5907041,Reg'l District,0.2303,1.029,0.2303,0.3284,0.3284,0.3816,0.3816,0.3076,0.6201
2011,5907041,Hospital,0.3043,1.0649,0.3043,1.0345,1.0345,0.7454,0.9128,0.3043,0.3043
2011,5907041,School,2.2813,13.6,0.1,6,6,6,2.4,3.4,6.9
2011,5907041,Other,0.0621,0.5122,0.0002,0.5122,0.1762,0.176,0.3622,0.0621,0.0621
2011,5907041,Total,7.4106,36.4295,5.1674,14.3699,14.0339,14.7056,11.4592,9.8648,29.8644
2011,5915070,Municipal,4.01,38.0718,0,40.2755,17.6324,12.4822,0,10.6389,30.8362
2011,5915070,Reg'l District,0.0602,0.2107,0,0.2047,0.2047,0.1475,0,0.0602,0.0602
2011,5915070,Hospital,0,0,0,0,0,0,0,0,0
2011,5915070,School,2.0544,13.6,0.1,6,6,6,2.4,3.4,6.9
2011,5915070,Other,0.3936,3.2539,1.5234,2.6252,1.8769,1.6268,0.3622,0.3791,0.4286
2011,5915070,Total,6.5182,55.1364,1.6234,49.1054,25.714,20.2565,2.7622,14.4782,38.225
2011,5923008,Municipal,9.1145,37.9708,9.1145,53.195,39.6821,15.4923,26.3988,9.1145,9.1145
2011,5923008,Reg'l District,0.295,1.0326,0.295,1.0031,1.0031,0.7228,0.795,0.295,0.295
2011,5923008,Hospital,0.3533,1.2365,0.3533,1.2011,1.2011,0.8655,1.02,0.3533,0.3533
2011,5923008,School,2.6596,13.6,0.1,6,6,6,2.4,3.4,6.9
2011,5923008,Other,0.0621,0.5122,0.0002,0.5122,0.1762,0.176,0.3622,0.0621,0.0621
2011,5923008,Total,12.4845,54.3521,9.863,61.9114,48.0625,23.2566,30.976,13.2249,16.7249
2011,5943017,Municipal,4.61347,17.30052,0,31.60228,17.30052,8.48879,0,4.61347,0
2011,5943017,Reg'l District,0.77371,2.70798,0,2.63061,2.63061,1.89559,0,0.77371,0
2011,5943017,Hospital,0.33127,1.15944,0,1.12632,1.12632,0.81161,0,0.33127,0
2011,5943017,School,3.5669,13.6,0.1,6,6,6,2.4,3.4,6.9
2011,5943017,Other,0.3977,1.6867,0.1002,1.6531,1.3171,0.9981,1.3689,0.3977,0.3977
2011,5943017,Total,9.68305,36.45464,0.2002,43.01231,28.37455,18.19409,3.7689,9.51615,7.2977
2011,5947030,Municipal,5.474,13.425,0,0,10.948,10.948,13.425,5.474,5.474
2011,5947030,Reg'l District,1.1833,2.9582,0,0,2.3666,2.3666,2.9582,1.1833,1.1833
2011,5947030,Hospital,0.5246,1.8361,0,0,1.7836,1.2852,1.5738,0.5246,0.5246
2011,5947030,School,4.8272,13.6,0.1,6,6,6,2.4,3.4,6.9
2011,5947030,Other,0.5562,2.2416,0.1002,2.1922,1.8562,1.3866,1.8446,0.5562,0.5562
2011,5947030,Total,12.5653,34.0609,0.2002,8.1922,22.9544,21.9864,22.2016,11.1381,14.6381
2011,5915039,Municipal,3.8827,40,3.8827,13.5047,13.5047,11.7416,40,14.9528,23.1377
2011,5915039,Reg'l District,0.0592,0.207,0.0592,0.2011,0.2011,0.1449,0,0.0592,0.0592
2011,5915039,Hospital,0,0,0,0,0,0,0,0,0
2011,5915039,School,1.7796,13.6,0.1,6,6,6,2.4,3.4,6.9
2011,5915039,Other,0.3936,3.2539,1.5234,2.6252,1.8769,1.6268,0.3622,0.3791,0.4286
2011,5915039,Total,6.1151,57.0609,5.5653,22.331,21.5827,19.5133,42.7622,18.7911,30.5255
2011,5947007,Municipal,5,40,0,32,16.25,12.5,0,10,10
2011,5947007,Reg'l District,0.8081,2.8284,0,2.7476,2.7476,1.9799,0,0.8081,0.8081
2011,5947007,Hospital,0.5503,1.926,0,1.871,1.871,1.3482,0,0.5503,0.5503
2011,5947007,School,3.5814,13.6,0.1,6,6,6,2.4,3.4,6.9
2011,5947007,Other,0.4296,1.7985,0.1002,1.7618,1.4258,1.0764,1.4648,0.4296,0.4296
2011,5947007,Total,10.3694,60.1529,0.2002,44.3804,28.2944,22.9045,3.8648,15.188,18.688
2011,5943023,Municipal,5.32339,41.58902,0,0,25.28612,16.63561,38.38167,5.32339,0
2011,5943023,Reg'l District,0.88775,3.10712,0,0,3.01835,2.17499,2.66325,0.88775,0
2011,5943023,Hospital,0.33116,1.15907,0,0,1.12596,0.81135,0.99349,0.33116,0
2011,5943023,School,3.5669,13.6,0.1,6,6,6,2.4,3.4,6.9
2011,5943023,Other,0.4712,1.9442,0.1002,1.9033,1.5673,1.1784,1.5896,0.4712,0.4712
2011,5943023,Total,10.5804,61.39941,0.2002,7.9033,36.99773,26.80035,46.02801,10.4135,7.3712
2011,5943012,Municipal,5.06329,20.43736,5,5.34,20.34795,8.89589,21.02828,5,0
2011,5943012,Reg'l District,1.45367,5.08785,1.45367,4.94248,4.94248,3.5615,4.36101,1.45367,0
2011,5943012,Hospital,0.33117,1.1591,0.33117,1.12598,1.12598,0.81137,0.99351,0.33117,0
2011,5943012,School,3.5669,13.6,0.1,6,6,6,2.4,3.4,6.9
2011,5943012,Other,0.4663,1.9268,0.1002,1.8864,1.5504,1.1662,1.5747,0.4663,0.4663
2011,5943012,Total,10.88133,42.21111,6.98504,19.29486,33.96681,20.43496,30.3575,10.65114,7.3663
2011,5915043,Municipal,3.522,38.8691,0,68.5477,18.6126,10.1928,0,2.8425,0
2011,5915043,Reg'l District,0.0618,0.2163,0,0.2101,0.2101,0.1514,0,0.0618,0
2011,5915043,Hospital,0,0,0,0,0,0,0,0,0
2011,5915043,School,1.7796,13.6,0.1,6,6,6,2.4,3.4,6.9
2011,5915043,Other,0.3936,3.2539,1.5234,2.6252,1.8769,1.6268,0.3622,0.3791,0.4286
2011,5915043,Total,5.757,55.9393,1.6234,77.383,26.6996,17.971,2.7622,6.6834,7.3286
2011,5955005,Municipal,2.69,42.126,0,0,9.146,6.5905,0,2.69,2.69
2011,5955005,Reg'l District,0.8923,3.1231,0,0,3.03381,2.1861,0,0.8923,0.8562
2011,5955005,Hospital,0.6896,2.4136,0,0,2.3446,1.6895,0,0.6896,0.6896
2011,5955005,School,2.9808,13.6,0.1,6,6,6,2.4,3.4,6.9
2011,5955005,Other,0.4147,1.7462,0.1002,1.711,1.375,1.0398,1.4199,0.4147,0.4147
2011,5955005,Total,7.6674,63.0089,0.2002,7.711,21.89941,17.5059,3.8199,8.0866,11.5505
2011,5927008,Municipal,5.87249,39.68125,0,22.24663,17.19652,20.73257,52.0224,20.67949,5.27569
2011,5927008,Reg'l District,0.43437,1.5203,0,1.47686,1.47686,1.06421,1.30311,0.43437,0.43437
2011,5927008,Hospital,0.50567,1.76985,0,1.71928,1.71928,1.23889,1.51701,0.50567,0.50567
2011,5927008,School,2.8195,13.6,0.1,6,6,6,2.4,3.4,6.9
2011,5927008,Other,0.0621,0.5122,0.0002,0.5122,0.1762,0.176,0.3622,0.0621,0.0621
2011,5927008,Total,9.69413,57.0836,0.1002,31.95497,26.56886,29.21167,57.60472,25.08163,13.17783
2011,5953023,Municipal,7.96961,40.24324,7.96961,47.27286,25.88628,16.0973,7.96961,7.96961,5.20458
2011,5953023,Reg'l District,0.68003,2.38013,0.68003,2.31213,2.31213,1.66608,2.04011,0.68003,0.68003
2011,5953023,Hospital,0.35554,1.24438,0.35554,1.20883,1.20883,0.87107,1.06661,0.35554,0.35554
2011,5953023,School,3.0735,13.6,0.1,6,6,6,2.4,3.4,6.9
2011,5953023,Other,0.0621,0.5122,0.0002,0.5122,0.1762,0.176,0.3622,0.0621,0.0621
2011,5953023,Total,12.14078,57.97995,9.10538,57.30602,35.58344,24.81045,13.83853,12.46728,13.20225
2011,5947012,Municipal,8.42627,40,0,47.74885,32.87972,27.85141,0,5.94204,0
2011,5947012,Reg'l District,0.27951,1.32767,0,1.58482,1.09009,0.92518,0,0.19845,0
2011,5947012,Hospital,0.55307,1.93575,0,1.88044,1.88044,1.35502,0,0.55307,0
2011,5947012,School,3.5814,13.6,0.1,6,6,6,2.4,3.4,6.9
2011,5947012,Other,0.0621,0.5122,0.0002,0.5122,0.1762,0.176,0.3622,0.0621,0.0621
2011,5947012,Total,12.90235,57.37562,0.1002,57.72631,42.02645,36.30761,2.7622,10.15566,6.9621
2011,5907024,Municipal,3.13901,34.72773,0,41.92185,16.04172,8.47002,0,3.57717,3.42683
2011,5907024,Reg'l District,0.36628,1.28197,0,1.24534,1.24534,0.89738,0,0.36628,0.36628
2011,5907024,Hospital,0.30455,1.06594,0,1.03548,1.03548,0.74616,0,0.30455,0.30455
2011,5907024,School,2.7249,13.6,0.1,6,6,6,2.4,3.4,6.9
2011,5907024,Other,0.4039,1.7087,0.1002,1.6745,1.3385,1.0135,1.3877,0.4039,0.4039
2011,5907024,Total,6.93864,52.38434,0.2002,51.87717,25.66104,17.12706,3.7877,8.0519,11.40156
2011,5921023,Municipal,3.7682,39.6931,3.7682,9.23,9.23,9.23,1.8841,9.23,1.8841
2011,5921023,Reg'l District,1.699,17.8968,1.699,4.1616,4.1616,4.1616,0.8495,4.1616,0.8495
2011,5921023,Hospital,0.2254,0.7889,0.2254,0.7664,0.7664,0.5522,0.6762,0.2254,0.2254
2011,5921023,School,2.1811,13.6,0.1,6,6,6,2.4,3.4,6.9
2011,5921023,Other,0.0621,0.5122,0.0002,0.5122,0.1762,0.176,0.3622,0.0621,0.0621
2011,5921023,Total,7.9358,72.491,5.7928,20.6702,20.3342,20.1198,6.172,17.0791,9.9211
2011,5947026,Municipal,2.4527,39.9364,0,21.3568,21.3568,6.338,17.1598,2.0515,5.1006
2011,5947026,Reg'l District,0.9547,3.3415,0,3.246,3.246,2.339,2.8641,0.9547,0.9547
2011,5947026,Hospital,0.5246,1.8361,0,1.7837,1.7837,1.2853,1.5738,0.5246,0.5246
2011,5947026,School,4.8272,13.6,0.1,6,6,6,2.4,3.4,6.9
2011,5947026,Other,0.4384,1.8292,0.1002,1.7916,1.4556,1.0979,1.4911,0.4384,0.4384
2011,5947026,Total,9.1976,60.5432,0.2002,34.1781,33.8421,17.0602,25.4888,7.3692,13.9183
2011,5941013,Municipal,4.2983,39.99999,0,78.902,28.01347,12.19396,0,12.19396,4.2983
2011,5941013,Reg'l District,1.77452,6.2108,0,6.03335,6.03335,4.34756,0,1.77451,1.77451
2011,5941013,Hospital,0.71828,2.51397,0,2.44214,2.44214,1.75978,0,0.71828,0.71828
2011,5941013,School,3.809,13.6,0.1,6,6,6,2.4,3.4,6.9
2011,5941013,Other,0.0621,0.5122,0.0002,0.5122,0.1762,0.176,0.3622,0.0621,0.0621
2011,5941013,Total,10.6622,62.83696,0.1002,93.88969,42.66516,24.4773,2.7622,18.14885,13.75319
2011,5901040,Municipal,2.8182,15.3031,2.8182,18.7667,2.8182,6.1156,4.6219,4.4528,2.8182
2011,5901040,Reg'l District,0.5914,2.0699,0.5914,2.0108,2.0108,1.4489,1.7742,0.5914,0.5914
2011,5901040,Hospital,0.1524,0.5334,0.1524,0.5182,0.5182,0.3734,0.4572,0.1524,0.1524
2011,5901040,School,2.3237,13.6,0.1,6,6,6,2.4,3.4,6.9
2011,5901040,Other,0.2765,1.2624,0.1002,1.241,0.905,0.7012,1.0053,0.2765,0.2765
2011,5901040,Total,6.1622,32.7688,3.7622,28.5367,12.2522,14.6391,10.2586,8.8731,10.7385
2011,5939019,Municipal,4.9468,55.1015,0,35.4554,35.4554,19.9916,0,17.2213,0
2011,5939019,Reg'l District,0.389,1.3615,0,1.3226,1.3226,0.9531,0,0.389,0
2011,5939019,Hospital,0.2968,1.0388,0,1.0091,1.0091,0.7272,0,0.2968,0
2011,5939019,School,2.445,13.6,0.1,6,6,6,2.4,3.4,6.9
2011,5939019,Other,0.0621,0.5122,0.0002,0.5122,0.1762,0.176,0.3622,0.0621,0.0621
2011,5939019,Total,8.1397,71.614,0.1002,44.2993,43.9633,27.8479,2.7622,21.3692,6.9621
2011,5915015,Municipal,2.24956,39.91245,0,13.71527,7.28682,7.28682,0,2.16069,12.60253
2011,5915015,Reg'l District,0.05701,0.19953,0,0.19383,0.19383,0.13967,0,0.05701,0.05701
2011,5915015,Hospital,0,0,0,0,0,0,0,0,0
2011,5915015,School,1.6247,13.6,0.1,6,6,6,2.4,3.4,6.9
2011,5915015,Other,0.3936,3.2539,1.5234,2.6252,1.8769,1.6268,0.3622,0.3791,0.4286
2011,5915015,Total,4.32487,56.96588,1.6234,22.5343,15.35755,15.05329,2.7622,5.9968,19.98814
2011,5905023,Municipal,6.97924,39.29315,0,0,20.93771,11.93457,20.93771,6.97924,6.97924
2011,5905023,Reg'l District,1.88485,6.59699,0,0,6.4085,4.61789,5.6456,1.88485,1.88485
2011,5905023,Hospital,0.29122,1.01927,0,0,0.99015,0.71349,0.87366,0.29122,0.29122
2011,5905023,School,2.8691,13.6,0.1,6,6,6,2.4,3.4,6.9
2011,5905023,Other,0.3669,1.5789,0.1002,1.5484,1.2124,0.9227,1.2765,0.3669,0.3669
2011,5905023,Total,12.39131,62.08831,0.2002,7.5484,35.54876,24.18865,31.13347,12.92221,16.42221
2011,5917021,Municipal,3.7719,28.3459,3.7719,10.6164,10.6164,12.603,23.35,7.2379,0.5
2011,5917021,Reg'l District,0.287,2.1564,0.287,0.8076,0.8076,0.9588,1.7764,0.5506,0.038
2011,5917021,Hospital,0.3108,1.0876,0.3108,1.0566,1.0566,0.7613,0.9323,0.3108,0.3108
2011,5917021,School,1.7909,13.6,0.1,6,6,6,2.4,3.4,6.9
2011,5917021,Other,0.3088,1.7087,0.2469,1.7087,1.3727,1.3725,1.5587,0.3088,0.3088
2011,5917021,Total,6.4694,46.8986,4.7166,20.1893,19.8533,21.6956,30.0174,11.8081,8.0576
2011,5903011,Municipal,3.2972,40,0,0,0,6.7406,0,2.4552,0
2011,5903011,Reg'l District,1.7843,6.2451,0,0,0,4.3716,0,1.7843,0
2011,5903011,Hospital,0.3499,1.2247,0,0,0,0.8573,0,0.3499,0
2011,5903011,School,2.5462,13.6,0.1,6,6,6,2.4,3.4,6.9
2011,5903011,Other,0.4883,2.0037,0.1002,1.9611,1.6251,1.2201,1.6407,0.4883,0.4883
2011,5903011,Total,8.4659,63.0735,0.2002,7.9611,7.6251,19.1896,4.0407,8.4777,7.3883
2011,5939032,Municipal,4.9169,26.9691,0,80.7434,18.8625,12.0018,0,3.2084,12.6116
2011,5939032,Reg'l District,0.31,1.085,0,1.054,1.054,0.7595,0,0.31,0.31
2011,5939032,Hospital,0.2959,1.0358,0,1.0062,1.0062,0.7251,0,0.2959,0.2959
2011,5939032,School,2.4365,13.6,0.1,6,6,6,2.4,3.4,6.9
2011,5939032,Other,0.0621,0.5122,0.0002,0.5122,0.1762,0.176,0.3622,0.0621,0.0621
2011,5939032,Total,8.0214,43.2021,0.1002,89.3158,27.0989,19.6624,2.7622,7.2764,20.1796
2011,5924039,Municipal,10.27671,25.85114,0,0,37.43228,19.72502,24.28833,6.67967,0
2011,5924039,Reg'l District,0.23346,0.73101,0,0,0.8297,0.49331,0.60601,0.18157,0
2011,5924039,Hospital,0.84046,2.94161,0,0,2.85756,2.05913,2.52138,0.84046,0
2011,5924039,School,2.5654,13.6,0.1,6,6,6,2.4,3.4,6.9
2011,5924039,Other,0.4995,2.0432,0.1002,1.9995,1.6635,1.2477,1.6745,0.4995,0.4995
2011,5924039,Total,14.41553,45.16696,0.2002,7.9995,48.78304,29.52516,31.49022,11.6012,7.3995
2011,5929011,Municipal,2.92477,14.62385,0,9.94422,8.77431,5.84954,9.94422,4.82587,4.15317
2011,5929011,Reg'l District,1.85108,6.47879,0,6.29367,6.29367,4.53515,5.55324,1.85108,1.85108
2011,5929011,Hospital,0.18979,0.66427,0,0.64529,0.64529,0.46499,0.56937,0.18979,0.18979
2011,5929011,School,1.9984,13.6,0.1,6,6,6,2.4,3.4,6.9
2011,5929011,Other,0.46348,1.91703,0.0002,1.87689,1.54089,1.15938,1.56634,0.46348,0.46348
2011,5929011,Total,7.42752,37.28394,0.1002,24.76007,23.25416,18.00906,20.03317,10.73022,13.55752
2011,5929803,Municipal,2.7955,9.7843,0,0,9.5047,6.849,0,2.7955,0
2011,5929803,Reg'l District,3.2038,11.2134,0,0,10.893,7.8494,0,3.2038,0
2011,5929803,Hospital,0.705,2.4675,0,0,2.397,1.72725,0,0.705,0
2011,5929803,School,1.9984,13.6,0.1,6,6,6,2.4,3.4,6.9
2011,5929803,Other,0.1001,0.6452,0.0002,0.5122,0.3054,0.2691,0.3622,0.1001,0.0621
2011,5929803,Total,8.8028,37.7104,0.1002,6.5122,29.1001,22.69475,2.7622,10.2044,6.9621
2011,5939045,Municipal,5.16898,27.35575,0,0,21.3991,11.01528,0,4.22738,6.63858
2011,5939045,Reg'l District,0.61487,2.97655,0,0,2.43096,1.35973,0,0.53107,0.74567
2011,5939045,Hospital,0.29632,1.03712,0,0,1.00749,0.72598,0,0.29632,0.29632
2011,5939045,School,2.4365,13.6,0.1,6,6,6,2.4,3.4,6.9
2011,5939045,Other,0.3034,1.3569,0.1002,1.3328,0.9968,0.7673,1.0862,0.3034,0.3034
2011,5939045,Total,8.82007,46.32632,0.2002,7.3328,31.83435,19.86829,3.4862,8.75817,14.88397
2011,5917010,Municipal,3.32985,19.51081,0,0,6.23487,7.80432,0,4.9058,4.20549
2011,5917010,Reg'l District,0.65504,3.83811,0,0,1.22651,1.53525,0,0.96506,0.82729
2011,5917010,Hospital,0.31073,1.08754,0,0,1.05647,0.76128,0,0.31073,0.31073
2011,5917010,School,1.7492,13.6,0.1,6,6,6,2.4,3.4,6.9
2011,5917010,Other,0.3088,1.7087,0.2469,1.7087,1.3727,1.3725,1.5587,0.3088,0.3088
2011,5917010,Total,6.35362,39.74516,0.3469,7.7087,15.89055,17.47335,3.9587,9.89039,12.55231
2011,5903027,Municipal,2.5992,9.1,0,0,8.8,5.175,0,2.5992,2.5992
2011,5903027,Reg'l District,0.8929,3.1251,0,0,3.0359,2.1876,0,0.8929,0.8929
2011,5903027,Hospital,0.2912,1.0192,0,0,0.9901,0.7134,0,0.2912,0.2912
2011,5903027,School,2.8204,13.6,0.1,6,6,6,2.4,3.4,6.9
2011,5903027,Other,0.325,1.4323,0.1002,1.406,1.07,0.82,1.1508,0.325,0.325
2011,5903027,Total,6.9287,28.2766,0.2002,7.406,19.896,14.896,3.5508,7.5083,11.0083
2011,5903019,Municipal,3.833,40,0,40,8.75,4,0,3.833,0
2011,5903019,Reg'l District,1.815,6.3525,0,6.171,6.171,4.4468,0,0,0
2011,5903019,Hospital,0.292,1.022,0,0.993,0.993,0.715,0,0,0
2011,5903019,School,2.5462,13.6,0.1,6,6,6,2.4,3.4,6.9
2011,5903019,Other,0.4065,1.7177,0.1002,1.6833,1.3473,1.0199,1.3955,0.4065,0.4065
2011,5903019,Total,8.8927,62.6922,0.2002,54.8473,23.2613,16.1817,3.7955,7.6395,7.3065
2011,5951043,Municipal,4.66521,42.66059,4.66521,63.59048,22.49728,17.06457,13.99562,4.64055,4.66521
2011,5951043,Reg'l District,1.39019,4.86565,1.39019,4.72664,4.72664,3.40596,4.17057,1.39019,1.39019
2011,5951043,Hospital,0.56006,1.96021,0.56006,1.90421,1.90421,1.37215,1.68018,0.56006,0.56006
2011,5951043,School,3.0113,13.6,0.1,6,6,6,2.4,3.4,6.9
2011,5951043,Other,0.0621,0.5122,0.0002,0.5122,0.1762,0.176,0.3622,0.0621,0.0621
2011,5951043,Total,9.68886,63.59865,6.71566,76.73353,35.30433,28.01868,22.60857,10.0529,13.57756
2011,5917052,Municipal,3.08404,21.15275,0,0,11.01154,7.4356,14.65377,3.08404,3.08404
2011,5917052,Reg'l District,1.25805,8.62875,0,0,4.49188,3.03317,5.97765,1.25805,1.25805
2011,5917052,Hospital,0.31085,1.08798,0,0,1.0569,0.76159,0.93256,0.31085,0.31085
2011,5917052,School,2.0225,13.6,0.1,6,6,6,2.4,3.4,6.9
2011,5917052,Other,0.3088,1.7087,0.2469,1.7087,1.3727,1.3725,1.5587,0.3088,0.3088
2011,5917052,Total,6.98424,46.17818,0.3469,7.7087,23.93302,18.60286,25.52268,8.36174,11.86174
2011,5937024,Municipal,4.1204,41.7023,0,30.0474,13.4192,12.5664,22.5588,4.3426,11.6548
2011,5937024,Reg'l District,0.2733,0.9566,0,0.9292,0.9292,0.6696,0.8199,0.2733,0.2733
2011,5937024,Hospital,0.2959,1.0357,0,1.0061,1.0061,0.725,0.8877,0.2959,0.2959
2011,5937024,School,2.4365,13.6,0.1,6,6,6,2.4,3.4,6.9
2011,5937024,Other,0.0621,0.5122,0.0002,0.5122,0.1762,0.176,0.3622,0.0621,0.0621
2011,5937024,Total,7.1882,57.8068,0.1002,38.4949,21.5307,20.137,27.0286,8.3739,19.1861
2011,5901006,Municipal,3.1344,36.9635,3.1344,44.99445,19.3383,10.2969,19.0994,2.3508,3.1344
2011,5901006,Reg'l District,0.4764,1.6675,0.4764,1.6198,1.6198,1.1672,1.4292,0.4764,0.4764
2011,5901006,Hospital,0.1617,0.566,0.1617,0.5498,0.5498,0.3962,0.4851,0.1617,0.1617
2011,5901006,School,2.4999,13.6,0.1,6,6,6,2.4,3.4,6.9
2011,5901006,Other,0.3632,1.5661,0.1002,1.536,1.2,0.9137,1.2655,0.3632,0.3632
2011,5901006,Total,6.6356,54.3631,3.9727,54.70005,28.7079,18.774,24.6792,6.7521,11.0357
2011,5931006,Municipal,4.9908,40,0,27.5,17.7491,13.6364,16.4226,5.588,10.9489
2011,5931006,Reg'l District,0.3026,1.0592,0.3026,1.0289,1.0289,0.7414,0.9079,0.3026,0.3026
2011,5931006,Hospital,0.0477,0.167,0.0477,0.1623,0.1623,0.1169,0.1432,0.0477,0.0477
2011,5931006,School,1.7925,13.6,0.1,6,6,6,2.4,3.4,6.9
2011,5931006,Other,0.0621,0.5122,0.0002,0.5122,0.1762,0.176,0.3622,0.0621,0.0621
2011,5931006,Total,7.1957,55.3384,0.4505,35.2034,25.1165,20.6707,20.2359,9.4004,18.2613
2011,5949032,Municipal,9.737,22.653,0,40.5959,44.2143,14.729,0,11.3757,0
2011,5949032,Reg'l District,0.2168,0.7588,0,0.7371,0.7371,0.5312,0,0.2168,0
2011,5949032,Hospital,0.5111,1.7889,0,1.7378,1.7378,1.2522,0,0.5111,0
2011,5949032,School,3.2816,13.6,0.1,6,6,6,2.4,3.4,6.9
2011,5949032,Other,0.3754,1.6089,0.1002,1.5775,1.2415,0.9437,1.3022,0.3754,0.3754
2011,5949032,Total,14.1219,40.4096,0.2002,50.6483,53.9307,23.4561,3.7022,15.879,7.2754
2011,5907035,Municipal,3.37157,24.12931,3.33418,8.41217,6.58458,9.11752,9.96104,6.56413,9.59066
2011,5907035,Reg'l District,0.25556,1.0158,0.25556,0.61697,0.87011,0.61697,0.37107,0.25629,0.25766
2011,5907035,Hospital,0.31522,1.14003,0.31522,0.76052,1.07306,0.76052,0.3168,0.31467,0.3168
2011,5907035,School,2.2813,13.6,0.1,6,6,6,2.4,3.4,6.9
2011,5907035,Other,0.0621,0.5122,0.0002,0.5122,0.1762,0.176,0.3622,0.0621,0.0621
2011,5907035,Total,6.28575,40.39734,4.00516,16.30186,14.70395,16.67101,13.41111,10.59719,17.12722
2011,5933045,Municipal,2.6069,9.1242,0,0,0,6.3869,0,2.6069,0
2011,5933045,Reg'l District,1.3292,4.6522,0,0,0,3.2565,0,1.3292,0
2011,5933045,Hospital,0.4719,1.6517,0,0,0,1.1562,0,0.4719,0
2011,5933045,School,2.4326,13.6,0.1,6,6,6,2.4,3.4,6.9
2011,5933045,Other,0.241,1.1383,0.1002,1.1204,0.7844,0.6143,0.8989,0.241,0.241
2011,5933045,Total,7.0816,30.1664,0.2002,7.1204,6.7844,17.4139,3.2989,8.049,7.141
2011,5915004,Municipal,2.47085,32.67298,0,11.56272,6.21119,7.01681,0,2.41055,2.67121
2011,5915004,Reg'l District,0.05789,0.20262,0.05789,0.19683,0.19683,0.14183,0,0.05789,0.05789
2011,5915004,Hospital,0,0,0,0,0,0,0,0,0
2011,5915004,School,1.7829,13.6,0.1,6,6,6,2.4,3.4,6.9
2011,5915004,Other,0.3936,3.2539,1.5234,2.6252,1.8769,1.6268,0.3622,0.3791,0.4286
2011,5915004,Total,4.70524,49.7295,1.68129,20.38475,14.28492,14.78544,2.7622,6.24754,10.0577
2011,5924030,Municipal,13.00128,66.30653,0,39.00384,98.41969,26.54861,78.00768,21.45211,13.00128
2011,5924030,Reg'l District,0.16814,0.73732,0,0.53447,0.95957,0.37399,0.78348,0.2286,0.16814
2011,5924030,Hospital,0.83328,2.91648,0,2.83315,2.83315,2.04154,2.49984,0.83328,0.83328
2011,5924030,School,5.5662,13.6,0.1,6,6,6,2.4,3.4,6.9
2011,5924030,Other,0.4157,1.7497,0.1002,1.7144,1.3784,1.0423,1.4229,0.4157,0.4157
2011,5924030,Total,19.9846,85.31003,0.2002,50.08586,109.59081,36.00644,85.1139,26.32969,21.3184
2011,5955030,Municipal,3.4386,34,0,43.011,25,5.2223,0,3.4682,5.61
2011,5955030,Reg'l District,0.5167,1.8085,0,1.7568,1.7568,1.2659,0,0.5167,0.5167
2011,5955030,Hospital,0.5995,2.0983,0,2.0383,2.0383,1.4688,0,0.5995,0.5995
2011,5955030,School,2.4069,13.6,0.1,6,6,6,2.4,3.4,6.9
2011,5955030,Other,0.3696,1.5884,0.1002,1.5576,1.2216,0.9293,1.2846,0.3696,0.3696
2011,5955030,Total,7.3313,53.0952,0.2002,54.3637,36.0167,14.8863,3.6846,8.354,13.9958
2011,5951038,Municipal,6.27178,30.38905,0,0,22.33814,12.52267,0,0.4,0.4
2011,5951038,Reg'l District,1.17356,4.10745,0,0,3.9901,2.87521,0,0.2,0.2
2011,5951038,Hospital,0.563,1.97,0,0,1.9,1.35967,0,0.1,0.1
2011,5951038,School,3.0113,13.6,0.1,6,6,6,2.4,3.4,6.9
2011,5951038,Other,0.4663,1.9271,0.1002,1.8866,1.5506,1.1664,1.5749,0.4663,0.4663
2011,5951038,Total,11.48594,51.9936,0.2002,7.8866,35.77884,23.92395,3.9749,4.5663,8.0663
2011,5949011,Municipal,5.857,68.798,0,59.997,52.78,27.692,0,8.83,34.027
2011,5949011,Reg'l District,0.133,0.465,0,0.452,0.452,0.325,0,0.133,0.133
2011,5949011,Hospital,0.496,1.736,0,1.687,1.687,1.216,0,0.496,0.496
2011,5949011,School,3.2816,13.6,0.1,6,6,6,2.4,3.4,6.9
2011,5949011,Other,0.2201,1.0652,0.0002,1.0492,0.7132,0.563,0.3622,0.2201,0.2201
2011,5949011,Total,9.9877,85.6642,0.1002,69.1852,61.6322,35.796,2.7622,13.0791,41.7761
2011,5923025,Municipal,2.9637,29.3941,0,0,0,8.7037,0,10.6655,0
2011,5923025,Reg'l District,0.4396,1.5386,0,0,0,1.077,0,0.4396,0
2011,5923025,Hospital,0.3547,1.2415,0,0,0,0.8691,0,0.3547,0
2011,5923025,School,2.07,13.6,0.1,6,6,6,2.4,3.4,6.9
2011,5923025,Other,0.2966,1.3329,0.1002,1.3094,0.9734,0.7505,1.0656,0.2966,0.2966
2011,5923025,Total,6.1246,47.1071,0.2002,7.3094,6.9734,17.4003,3.4656,15.1564,7.1966
2011,5905014,Municipal,3.9067,40,0,40.6729,2.631,7.8144,12.3204,6.2154,0
2011,5905014,Reg'l District,2.6563,9.2971,0,9.0314,9.0314,6.508,7.9689,2.6563,0
2011,5905014,Hospital,0.28453,0.99585,0,0.96742,0.96742,0.69709,0.8536,0.2845,0
2011,5905014,School,2.8691,13.6,0.1,6,6,6,2.4,3.4,6.9
2011,5905014,Other,0.0621,0.5122,0.0002,0.5122,0.1762,0.176,0.3622,0.0621,0.0621
2011,5905014,Total,9.77873,64.40515,0.1002,57.18392,18.80602,21.19549,23.9051,12.6183,6.9621
2011,5955003,Municipal,3.5521,40,0,68.6237,35.7035,12.7984,0,0.2699,6.8317
2011,5955003,Reg'l District,0.4368,1.5289,0,1.4853,1.4853,1.0703,0,0.4373,0.4434
2011,5955003,Hospital,0.5952,2.0832,0,2.0237,2.0237,1.4582,0,0.5956,0.6007
2011,5955003,School,2.9808,13.6,0.1,6,6,6,2.4,3.4,6.9
2011,5955003,Other,0.3534,1.5317,0.1002,1.5026,1.1666,0.8897,1.2361,0.3534,0.3534
2011,5955003,Total,7.9183,58.7438,0.2002,79.6353,46.3791,22.2166,3.6361,5.0562,15.1292
2011,5923019,Municipal,5.0301,41.2785,0,0,0,13.2378,0,12.0248,0
2011,5923019,Reg'l District,0.4244,1.4855,0,0,0,1.0398,0,0.4244,0
2011,5923019,Hospital,0.3506,1.227,0,0,0,0.8589,0,0.3506,0
2011,5923019,School,2.6596,13.6,0.1,6,6,6,2.4,3.4,6.9
2011,5923019,Other,0.3234,1.4267,0.1002,1.4005,1.0645,0.8161,1.146,0.3234,0.3234
2011,5923019,Total,8.7881,59.0177,0.2002,7.4005,7.0645,21.9526,3.546,16.5232,7.2234
2011,5953007,Municipal,4.34679,13.48765,0,0,55.06722,8.76182,0,4.43351,0
2011,5953007,Reg'l District,3.1083,10.87906,0,0,10.56823,7.61534,0,3.1083,0
2011,5953007,Hospital,0.35582,1.24535,0,0,1.20977,0.87175,0,0.35582,0
2011,5953007,School,3.0735,13.6,0.1,6,6,6,2.4,3.4,6.9
2011,5953007,Other,0.4205,1.7667,0.1002,1.7309,1.3949,1.0542,1.4375,0.4205,0.4205
2011,5953007,Total,11.30491,40.97876,0.2002,7.7309,74.24012,24.30311,3.8375,11.71813,7.3205
2011,5915022,Municipal,1.84728,35.21383,0,33.7746,7.88427,7.88427,0,1.84548,1.84548
2011,5915022,Reg'l District,0.05725,0.20036,0.05725,0.19464,0.19464,0.14025,0,0.05725,0.05725
2011,5915022,Hospital,0,0,0,0,0,0,0,0,0
2011,5915022,School,1.3781,13.6,0.1,6,6,6,2.4,3.4,6.9
2011,5915022,Other,0.3936,3.2539,1.5234,2.6252,1.8769,1.6268,0.3622,0.3791,0.4286
2011,5915022,Total,3.67623,52.26809,1.68065,42.59444,15.95581,15.65132,2.7622,5.68183,9.23133
2011,5951007,Municipal,4.4645,22.0993,0,31.5194,23.26,13.5274,0,5.6253,1.2947
2011,5951007,Reg'l District,0.8295,2.9033,0,2.8203,2.8203,2.0322,0,0.8295,0.8295
2011,5951007,Hospital,0.552,1.932,0,1.8768,1.8768,1.3524,0,0.552,0.552
2011,5951007,School,3.8135,13.6,0.1,6,6,6,2.4,3.4,6.9
2011,5951007,Other,0.4223,1.773,0.1002,1.7369,1.4009,1.0585,1.4428,0.4223,0.4223
2011,5951007,Total,10.0818,42.3076,0.2002,43.9534,35.358,23.9705,3.8428,10.8291,9.9985
2011,5937014,Municipal,3.58329,39.739,3.58329,12.6109,12.6109,9.2008,1.58076,5.12935,0.7968
2011,5937014,Reg'l District,1.59773,5.59204,1.59773,5.43223,5.43223,3.91446,4.79318,1.59773,1.59773
2011,5937014,Hospital,0.29782,1.04238,0.29782,1.0126,1.0126,0.72967,0.89347,0.29782,0.29782
2011,5937014,School,2.2883,13.6,0.1,6,6,6,2.4,3.4,6.9
2011,5937014,Other,0.066,0.55545,0.0041,0.52591,0.18991,0.186,0.36391,0.06767,0.063
2011,5937014,Total,7.83314,60.52887,5.58294,25.58164,25.24564,20.03093,10.03132,10.49257,9.65535
2011,5917034,Municipal,4.4691,33.1233,4.4691,13.4416,13.4416,13.4416,0,8.1846,0
2011,5917034,Reg'l District,0.2934,2.1746,0.2934,0.8825,0.8825,0.8825,0,0.5373,0
2011,5917034,Hospital,0.311,1.0883,0.311,1.0572,1.0572,0.7618,0,0.311,0
2011,5917034,School,1.7909,13.6,0.1,6,6,6,2.4,3.4,6.9
2011,5917034,Other,0.3088,1.7087,0.2469,1.7087,1.3727,1.3725,1.5587,0.3088,0.3088
2011,5917034,Total,7.1732,51.6949,5.4204,23.09,22.754,22.4584,3.9587,12.7417,7.2088
2011,5917047,Municipal,2.66124,33.05331,0,0,8.31667,9.18848,0,9.08049,21.15469
2011,5917047,Reg'l District,0.58016,2.03058,0,0,1.97256,1.4214,0,0.58016,0.58016
2011,5917047,Hospital,0.30956,1.08348,0,0,1.05252,0.75843,0,0.30956,0.30956
2011,5917047,School,1.7909,13.6,0.1,6,6,6,2.4,3.4,6.9
2011,5917047,Other,0.3088,1.7087,0.2469,1.7087,1.3727,1.3725,1.5587,0.3088,0.3088
2011,5917047,Total,5.65066,51.47607,0.3469,7.7087,18.71445,18.74081,3.9587,13.67901,29.25321
2011,5905018,Municipal,3.98158,9.95394,0,0,3.98158,3.98158,0,0,0
2011,5905018,Reg'l District,1.92762,6.74666,0,0,6.55389,4.72266,0,0,0
2011,5905018,Hospital,0.29121,1.01925,0,0,0.99013,0.71347,0,0,0
2011,5905018,School,2.8691,13.6,0.1,6,6,6,2.4,3.4,6.9
2011,5905018,Other,0.4596,1.9035,0.1002,1.8637,1.5277,1.1499,1.5547,0.4596,0.4596
2011,5905018,Total,9.52911,33.22335,0.2002,7.8637,19.0533,16.56761,3.9547,3.8596,7.3596
2011,5941025,Municipal,3.16352,39.98685,0,14.36237,14.36237,10.50288,3.16352,3.16352,3.16352
2011,5941025,Reg'l District,1.69923,10.14663,0,6.30114,6.30114,4.56283,4.1788,1.69923,1.69923
2011,5941025,Hospital,0.71734,2.5107,0,2.43896,2.43896,1.75749,2.15203,0.71734,0.71734
2011,5941025,School,3.809,13.6,0.1,6,6,6,2.4,3.4,6.9
2011,5941025,Other,0.5521,2.2271,0.1002,2.1781,1.8421,1.3764,1.8321,0.5521,0.5521
2011,5941025,Total,9.94119,68.47128,0.2002,31.28057,30.94457,24.1996,13.72645,9.53219,13.03219
2011,5935029,Municipal,3.82575,42.08318,3.82575,11.47724,8.37837,8.56966,11.47724,3.82575,3.82575
2011,5935029,Reg'l District,0.41057,1.43699,0.41057,1.39594,1.39594,1.00589,1.23171,0.41057,0.41057
2011,5935029,Hospital,0.3613,1.26454,0.3626,1.22841,1.22841,0.88518,1.0839,0.3613,0.3613
2011,5935029,School,2.0389,13.6,0.1,6,6,6,2.4,3.4,6.9
2011,5935029,Other,0.0621,0.5122,0.0002,0.5122,0.1762,0.176,0.3622,0.0621,0.0621
2011,5935029,Total,6.69862,58.89691,4.69912,20.61379,17.17892,16.63673,16.55505,8.05972,11.55972
2011,5915055,Municipal,1.773,9.1859,0,15.2686,15.2686,4.2451,0,7.2254,0
2011,5915055,Reg'l District,0.05898,0.20643,0.05898,0.20053,0.20053,0.1445,0.17694,0.05898,0
2011,5915055,Hospital,0,0,0,0,0,0,0,0,0
2011,5915055,School,1.1804,13.6,0.1,6,6,6,2.4,3.4,6.9
2011,5915055,Other,0.3936,3.2539,1.5234,2.6252,1.8769,1.6268,0.3622,0.3791,0.4286
2011,5915055,Total,3.40598,26.24623,1.68238,24.09433,23.34603,12.0164,2.93914,11.06348,7.3286
2011,5931020,Municipal,2.824,21.014,0,0,12.038,10.894,0,10.101,0
2011,5931020,Reg'l District,0.0512,0.381,0,0,0.2183,0.1975,0,0.1831,0
2011,5931020,Hospital,0.0477,0.167,0,0,0.1622,0.1169,0,0.0477,0
2011,5931020,School,1.7925,13.6,0.1,6,6,6,2.4,3.4,6.9
2011,5931020,Other,0.0621,0.5122,0.0002,0.5122,0.1762,0.176,0.3622,0.0621,0.0621
2011,5931020,Total,4.7775,35.6742,0.1002,6.5122,18.5947,17.3844,2.7622,13.7939,6.9621
2011,5915007,Municipal,3.67869,22.79315,0,0,0,8.72798,0,3.46255,0
2011,5915007,Reg'l District,0.05819,0.20366,0,0,0,0.14256,0,0.05819,0
2011,5915007,Hospital,0,0,0,0,0,0,0,0,0
2011,5915007,School,1.7829,13.6,0.1,6,6,6,2.4,3.4,6.9
2011,5915007,Other,0.3936,3.2539,1.5234,2.6252,1.8769,1.6268,0.3622,0.3791,0.4286
2011,5915007,Total,5.91338,39.85071,1.6234,8.6252,7.8769,16.49734,2.7622,7.29984,7.3286
2011,5941009,Municipal,5.88,40.00002,5.88,108.75,50.08,12.71,5.88,16.5295,12.06
2011,5941009,Reg'l District,1.54156,5.39545,1.54156,5.24129,5.24129,3.77681,4.62468,1.54156,1.54156
2011,5941009,Hospital,0.71538,2.50382,0.71538,2.43228,2.43228,1.75267,2.14614,0.71538,0.71538
2011,5941009,School,3.1985,13.6,0.1,6,6,6,2.4,3.4,6.9
2011,5941009,Other,0.26929,1.23737,0.20739,1.21665,0.88065,0.68362,0.98377,0.26929,0.26929
2011,5941009,Total,11.60473,62.73666,8.44433,123.64022,64.63422,24.9231,16.03459,22.45573,21.48623
2011,5924029,Municipal,10.06516,32.69063,0,0,40.81121,22.11718,0,9.36765,0
2011,5924029,Reg'l District,0.24152,0.81386,0,0,0.90295,0.56016,0,0.23287,0
2011,5924029,Hospital,0.83983,2.93941,0,0,2.85542,2.05758,0,0.83983,0
2011,5924029,School,5.5662,13.6,0.1,6,6,6,2.4,3.4,6.9
2011,5924029,Other,0.4589,1.9008,0.1002,1.8612,1.5252,1.148,1.5525,0.4589,0.4589
2011,5924029,Total,17.17161,51.9447,0.2002,7.8612,52.09478,31.88292,3.9525,14.29925,7.3589
