CSD_UID,OFFNAME,OFF_CSDTYPE,POP,PRIV_DWELL,OCC_DWELL,LAND_AREA,REPPOINT_LATITUDE,REPPOINT_LONGITUDE,MET_NMET_CODE
5901003,Elkford,DM,2523,1437,1019,108.4206,50.02822,-114.893858,998
5901006,Sparwood,DM,3667,1953,1588,191.0128,49.751971,-114.81378,998
5901012,Fernie,CY,4448,2848,1988,14.8348,49.505356,-115.056591,998
5901017,East Kootenay A,RDA,1899,1430,800,4603.0505,49.680655,-114.816293,998
5901019,East Kootenay B,RDA,1746,1159,727,2782.5883,49.219596,-115.205481,997
5901022,Cranbrook,CY,19319,8509,8141,31.9479,49.532419,-115.763083,905
5901028,Kimberley,CY,6652,3418,2946,60.6187,49.669908,-115.979948,997
5901035,East Kootenay C,RDA,5713,2660,2264,4532.7903,49.504059,-115.584309,905
5901037,East Kootenay E,RDA,1634,1052,731,4261.0027,49.716051,-116.018834,997
5901039,Invermere,DM,2955,1912,1219,10.7333,50.500939,-116.033552,998
5901040,Radium Hot Springs,VL,777,1190,343,6.3405,50.629972,-116.079609,998
5901043,Canal Flats,VL,715,440,297,10.8639,50.164156,-115.815502,998
5901046,East Kootenay F,RDA,2635,3727,1110,6096.5431,50.32308,-115.834673,997
5901048,East Kootenay G,RDA,1412,955,637,4665.8247,50.83819,-116.21754,998
5901801,Tobacco Plains 2,IRI,57,23,23,41.744,49.0371,-115.096057,999
5901802,Isidore's Ranch 4,IRI,0,0,0,2.6703,49.540958,-115.599814,905
5901803,Kootenay 1,IRI,104,33,33,74.3169,49.623255,-115.729608,997
5901804,Columbia Lake 3,IRI,131,184,55,36.0314,50.415691,-115.906277,999
5901805,Cassimayooks (Mayook) 5,IRI,5,3,2,0.618,49.491537,-115.565904,905
5901806,Shuswap,IRI,293,148,121,10.7385,50.541264,-116.013295,998
5903004,Creston,T,5306,2679,2464,8.4658,49.105292,-116.515864,998
5903010,Central Kootenay A,RDA,2030,1419,977,1691.7432,49.473663,-116.767399,997
5903011,Salmo,VL,1139,546,519,2.4432,49.191524,-117.280131,998
5903013,Central Kootenay B,RDA,4464,2072,1774,1615.9298,49.253841,-116.34037,998
5903015,Nelson,CY,10230,4899,4627,11.9267,49.494212,-117.289589,998
5903017,Central Kootenay C,RDA,1372,659,604,741.4778,49.068181,-116.751058,998
5903019,Slocan,VL,296,162,135,0.7754,49.76656,-117.468937,999
5903023,Kaslo,VL,1026,559,464,2.4806,49.910037,-116.912519,998
5903027,Silverton,VL,195,148,97,0.3542,49.953636,-117.360038,999
5903032,New Denver,VL,504,308,243,0.8696,49.989959,-117.37613,998
5903039,Central Kootenay D,RDA,1413,1015,647,5786.1775,50.299503,-116.999155,998
5903041,Central Kootenay E,RDA,3781,1985,1661,802.7526,49.497868,-117.190209,998
5903043,Central Kootenay F,RDA,3976,1894,1682,404.4572,49.600858,-117.284502,998
5903045,Castlegar,CY,7816,3517,3349,19.5753,49.305234,-117.661755,998
5903047,Central Kootenay G,RDA,1597,794,723,1515.3893,49.18825,-117.283452,998
5903050,Nakusp,VL,1569,790,706,8.0527,50.247695,-117.803402,998
5903052,Central Kootenay H,RDA,4289,2252,1941,3290.7026,49.86905,-117.417336,998
5903056,Central Kootenay I,RDA,2570,1166,1079,109.4964,49.375226,-117.602648,998
5903058,Central Kootenay J,RDA,2996,1419,1249,1694.1029,49.415424,-117.966688,998
5903060,Central Kootenay K,RDA,1759,1147,826,4380.2423,50.189769,-117.964389,998
5903807,Creston 1,IRI,113,44,39,7.5286,49.058425,-116.535346,998
5905005,Fruitvale,VL,2016,862,810,2.7051,49.112278,-117.550985,998
5905009,Montrose,VL,1030,440,431,1.4618,49.078859,-117.591235,998
5905014,Trail,CY,7681,4013,3675,34.9283,49.091554,-117.711482,998
5905018,Warfield,VL,1700,812,767,1.8875,49.094566,-117.746521,998
5905023,Rossland,CY,3556,1685,1468,59.787,49.105117,-117.821539,998
5905026,Kootenay Boundary A,RDA,1845,779,751,238.2304,49.094413,-117.56983,998
5905030,Kootenay Boundary B,RDA,1395,656,630,776.7208,49.171296,-117.850141,998
5905032,Grand Forks,CY,3985,1918,1834,10.4325,49.030474,-118.446537,998
5905037,Midway,VL,674,337,306,12.2446,49.012416,-118.794966,998
5905042,Greenwood,CY,708,415,368,2.4187,49.094213,-118.678861,999
5905050,Kootenay Boundary C,RDA,1391,1511,626,529.6558,49.11614,-118.236691,998
5905052,Kootenay Boundary D,RDA,3187,1436,1368,2118.622,49.415413,-118.540987,998
5905054,Kootenay Boundary E,RDA,1970,3584,894,4292.8289,49.401332,-119.075988,997
5907005,Osoyoos,T,4845,2965,2260,8.5562,49.026987,-119.469666,998
5907009,Keremeos,VL,1330,703,663,2.0933,49.205598,-119.826233,997
5907014,Oliver,T,4824,2293,2152,5.4999,49.184758,-119.549944,997
5907022,Okanagan-Similkameen A,RDA,1892,913,773,259.7047,49.043667,-119.477117,998
5907024,Princeton,T,2724,1504,1304,10.4684,49.463497,-120.506779,997
5907026,Okanagan-Similkameen B,RDA,1140,502,473,238.3005,49.090855,-119.722484,997
5907028,Okanagan-Similkameen C,RDA,3473,1541,1421,446.5645,49.153348,-119.419984,998
5907035,Summerland,DM,11280,5173,4779,74.0551,49.618544,-119.707458,996
5907041,Penticton,CY,32877,16457,15234,42.104,49.496154,-119.573241,913
5907047,Okanagan-Similkameen D,RDA,5717,2845,2436,919.1719,49.379872,-119.559203,913
5907049,Okanagan-Similkameen E,RDA,1844,937,750,492.0489,49.632339,-119.49989,996
5907051,Okanagan-Similkameen F,RDA,2100,851,788,569.0042,49.601807,-119.854222,913
5907053,Okanagan-Similkameen G,RDA,2314,1423,1035,2122.3662,49.227477,-119.968698,997
5907055,Okanagan-Similkameen H,RDA,1768,1860,844,4808.6034,49.441559,-120.570392,997
5907801,Lower Similkameen 2,IRI,50,21,17,12.9774,49.106655,-119.729601,999
5907802,Osoyoos 1,IRI,628,298,282,130.3783,49.158055,-119.536415,997
5907803,Penticton 1,IRI,1667,778,742,194.6712,49.487378,-119.643096,913
5907805,Chopaka 7 & 8,IRI,70,27,25,16.9488,49.035949,-119.720956,999
5907806,Blind Creek 6,IRI,25,10,10,1.5793,49.181711,-119.730338,999
5907807,Chuchuwayha 2,IRI,76,31,29,21.3745,49.359524,-120.078146,999
5907808,Alexis 9,IRI,25,8,8,1.8794,49.220317,-119.918994,999
5907809,Ashnola 10,IRI,73,28,25,35.9068,49.247617,-120.057753,999
5909009,Hope,DM,5969,2929,2632,41.1354,49.382564,-121.447946,997
5909014,Fraser Valley A,RDA,442,272,229,2329.4339,49.939868,-121.490547,997
5909016,Fraser Valley B,RDA,721,641,335,3087.1737,49.343212,-121.311654,996
5909020,Chilliwack,CY,77936,32059,30432,261.501,49.140212,-121.927152,930
5909027,Harrison Hot Springs,VL,1468,908,666,5.5718,49.297544,-121.782488,930
5909032,Kent,DM,5664,2192,2054,168.3934,49.267033,-121.789497,930
5909034,Fraser Valley D,RDA,1346,494,469,220.1946,49.24581,-121.602917,996
5909036,Fraser Valley E,RDA,3358,2084,1424,749.5574,49.081532,-121.687198,930
5909048,Fraser Valley C,RDA,973,1062,418,3668.4843,49.774937,-122.191268,996
5909052,Abbotsford,CY,133497,49917,46452,375.551,49.0676,-122.286195,932
5909056,Mission,DM,36426,13820,12787,225.7003,49.231238,-122.310811,932
5909060,Fraser Valley F,RDA,1303,754,524,2019.9895,49.6218,-122.637165,996
5909062,Fraser Valley G,RDA,1764,1015,700,97.0681,49.166178,-122.12789,996
5909804,Chawathil 4,IRI,163,48,46,5.4339,49.369131,-121.538183,997
5909805,Inkahtsaph 6,IRI,0,1,1,2.0184,49.998747,-121.512274,999
5909806,Kopchitchin 2,IRI,32,19,19,1.483,49.869135,-121.45501,999
5909807,Ohamil 1,IRI,77,21,21,1.7279,49.339346,-121.60593,999
5909808,Puckatholetchin 11,IRI,5,4,3,2.371,49.445445,-121.433602,999
5909809,Saddle Rock 9,IRI,0,0,0,0.4523,49.628577,-121.394549,999
5909810,Lukseetsissum 9,IRI,21,10,9,0.6502,49.349963,-121.61223,999
5909812,Schkam 2,IRI,132,37,35,0.6938,49.395306,-121.454088,997
5909814,Skawahlook 1,IRI,0,1,1,0.4996,49.360344,-121.590567,999
5909815,Speyum 3,IRI,0,1,1,1.667,49.93671,-121.479376,999
5909816,Spuzzum 1,IRI,32,17,16,1.3357,49.660333,-121.414329,999
5909817,Tuckkwiowhum 1,IRI,36,15,12,0.3981,49.837582,-121.434364,999
5909818,Yale Town 1,IRI,10,8,7,0.0859,49.562121,-121.423604,999
5909819,Kahmoose 4,IRI,88,34,31,0.2161,49.962003,-121.485149,999
5909821,Kwawkwawapilt 6,IRI,342,199,196,0.7115,49.164157,-121.978825,930
5909824,Skwah 4,IRI,216,56,56,1.3092,49.174796,-121.979741,930
5909825,Skwali 3,IRI,10,4,4,1.3508,49.186215,-121.96338,930
5909826,Skway 5,IRI,98,30,28,2.5857,49.171387,-121.99606,930
5909827,Soowahlie 14,IRI,187,67,59,4.5935,49.087226,-121.955485,930
5909830,Tzeachten 13,IRI,1467,744,711,2.5199,49.114901,-121.948419,930
5909831,Yakweakwioose 12,IRI,39,13,12,0.2074,49.133814,-121.936492,930
5909832,Seabird Island,IRI,594,208,198,16.5525,49.280165,-121.724604,930
5909833,Scowlitz 1,IRI,10,4,4,0.8833,49.231589,-121.932908,930
5909834,Tseatah 2,IRI,16,5,5,1.0395,49.218192,-121.760176,930
5909835,Aitchelitch 9,IRI,18,5,5,0.2088,49.149959,-121.992919,930
5909836,Boston Bar 1A,IRI,0,0,0,0.4075,49.829264,-121.428523,999
5909837,Cheam 1,IRI,223,74,71,3.4968,49.199245,-121.762367,997
5909838,Schelowat 1,IRI,10,4,4,0.9644,49.17925,-121.834,930
5909839,Chehalis 5,IRI,537,157,156,8.3941,49.295806,-121.91245,997
5909841,Stullawheets 8,IRI,48,22,22,0.5116,49.469907,-121.42707,999
5909842,Douglas 8,IRI,10,6,5,3.7362,49.754984,-122.154944,999
5909843,Peters 1,IRI,27,11,8,1.1375,49.304434,-121.654011,999
5909844,Popkum 1,IRI,5,2,2,1.4453,49.208524,-121.720046,999
5909845,Skookumchuck 4,IRI,94,33,30,2.1603,49.941043,-122.411906,999
5909847,Bucktum 4,IRI,5,1,1,0.3807,49.911311,-121.447593,999
5909848,Tipella 7,IRI,26,13,10,0.0034,49.774208,-122.221659,999
5909849,Skwahla 2,IRI,0,0,0,0.0982,49.183845,-121.931685,930
5909852,Paqulh,IRI,0,3,0,0.2456,50.121841,-122.527629,999
5909875,Q'alatk√∫7em,IRI,84,22,22,0.3094,50.051999,-122.540165,999
5909876,Albert Flat 5,IRI,15,8,7,0.8189,49.521445,-121.422914,999
5909877,Upper Sumas 6,IRI,187,61,56,2.5667,49.051764,-122.192159,932
5909878,Matsqui Main 2,IRI,81,23,22,1.3572,49.109951,-122.352282,932
5909879,Holachten 8,IRI,316,136,132,1.3321,49.208196,-122.025458,996
5909880,Lakahahmen 11,IRI,185,89,80,0.4,49.184206,-122.075868,996
5909881,Skweahm 10,IRI,292,139,135,0.72,49.17186,-122.084105,996
5909882,Squawkum Creek 3,IRI,108,31,31,1.625,49.241333,-121.996681,999
5909883,Sachteen,IRI,5,3,3,0.355,49.9863,-122.448657,999
5909884,Skowkale,IRI,795,371,347,0.7157,49.137455,-121.941697,930
5909885,Squiaala,IRI,80,33,29,1.352,49.151138,-121.975649,930
5915001,Langley,DM,104177,39114,37237,308.0329,49.097153,-122.573041,933
5915002,Langley,CY,25081,11810,11315,10.2181,49.099446,-122.658333,933
5915004,Surrey,CY,468251,163986,152847,316.4112,49.108054,-122.797133,933
5915007,White Rock,CY,19339,10498,9866,5.125,49.023197,-122.810129,933
5915011,Delta,DM,99863,35781,34755,180.1138,49.07984,-123.081692,933
5915015,Richmond,CY,190473,71170,67976,129.2668,49.168172,-123.167499,933
5915020,Greater Vancouver A,RDA,13035,6063,5041,815.5928,49.41951,-123.115961,933
5915022,Vancouver,CY,603502,286742,264573,114.9719,49.254333,-123.111209,933
5915025,Burnaby,CY,223218,91383,86839,90.6102,49.246098,-122.965699,933
5915029,New Westminster,CY,65976,32605,30586,15.6258,49.207774,-122.918794,933
5915034,Coquitlam,CY,126456,48083,45553,122.2989,49.297732,-122.774972,933
5915036,Belcarra,VL,644,292,268,5.5018,49.325057,-122.897149,933
5915038,Anmore,VL,2092,706,628,28.2371,49.341813,-122.841536,933
5915039,Port Coquitlam,CY,56342,21533,20651,29.1731,49.251308,-122.760694,933
5915043,Port Moody,CY,32975,12989,12628,25.887,49.303073,-122.873985,933
5915046,North Vancouver,DM,84412,31741,30553,160.7564,49.362383,-123.005411,933
5915051,North Vancouver,CY,48196,24206,22789,11.8306,49.315331,-123.072195,933
5915055,West Vancouver,DM,42694,18670,17074,87.255,49.363437,-123.189945,933
5915062,Bowen Island,IM,3402,1760,1345,50.1353,49.369522,-123.354009,933
5915065,Lions Bay,VL,1318,556,507,2.5338,49.460303,-123.236612,933
5915070,Pitt Meadows,CY,17736,7013,6718,86.5059,49.265749,-122.66192,933
5915075,Maple Ridge,DM,76052,29158,28044,266.7765,49.246264,-122.525089,933
5915801,Semiahmoo,IRI,108,75,63,1.3289,49.012308,-122.771361,933
5915802,Tsawwassen,IRI,720,319,303,6.5478,49.041219,-123.095826,933
5915803,Musqueam 2,IRI,1569,556,544,1.839,49.233249,-123.207559,933
5915804,Coquitlam 2,IRI,5,1,1,0.8097,49.246541,-122.79319,933
5915805,Coquitlam 1,IRI,39,13,13,0.0175,49.231038,-122.803597,933
5915806,Burrard Inlet 3,IRI,1472,780,729,1.0564,49.309653,-122.978458,933
5915807,Mission 1,IRI,574,173,171,0.2776,49.315292,-123.087159,933
5915808,Capilano 5,IRI,2700,1375,1316,1.7173,49.321832,-123.130669,933
5915809,Barnston Island 3,IRI,0,1,1,0.5836,49.188689,-122.695436,933
5915810,Musqueam 4,IRI,5,2,2,0.5331,49.066838,-123.125035,933
5915811,Seymour Creek 2,IRI,107,33,31,0.4906,49.307912,-123.022642,933
5915813,Katzie 2,IRI,0,1,1,0.3073,49.194245,-122.652653,933
5915816,McMillan Island 6,IRI,68,26,23,1.7837,49.17464,-122.564558,933
5915825,Matsqui 4,IRI,498,284,280,0.2802,49.00528,-122.474747,933
5915830,Katzie 1,IRI,229,67,65,0.4239,49.20367,-122.673083,933
5915835,Langley 5,IRI,0,0,0,1.3038,49.17902,-122.529254,933
5915840,Whonnock 1,IRI,0,0,0,0.3867,49.175902,-122.460738,933
5917005,North Saanich,DM,11089,4847,4503,37.2463,48.656708,-123.442964,935
5917010,Sidney,T,11178,5776,5328,5.119,48.654278,-123.405769,935
5917015,Central Saanich,DM,15936,6934,6597,41.3298,48.582529,-123.42098,935
5917021,Saanich,DM,109752,49670,45390,103.7767,48.495806,-123.387869,935
5917027,Capital F,RDA,10234,5653,4662,183.0301,48.829143,-123.490475,997
5917029,Capital G,RDA,4868,4948,2531,191.2219,48.80453,-123.299408,997
5917030,Oak Bay,DM,18015,8190,7764,10.5334,48.431253,-123.308149,935
5917034,Victoria,CY,80017,47691,42957,19.4716,48.428481,-123.357474,935
5917040,Esquimalt,DM,16209,8638,8038,7.0779,48.429576,-123.413619,935
5917041,Colwood,CY,16093,6395,6096,17.6604,48.423272,-123.477109,935
5917042,Metchosin,DM,4803,1898,1783,71.0876,48.373306,-123.559574,935
5917044,Langford,CY,29228,12731,11680,39.936,48.453329,-123.529895,935
5917047,View Royal,T,9381,4138,3950,14.3596,48.462963,-123.466825,935
5917049,Highlands,DM,2120,830,779,38.0498,48.5181,-123.500378,935
5917052,Sooke,DM,11435,4986,4505,56.7167,48.395294,-123.701349,935
5917054,Capital H (Part 1),RDA,4173,2167,1761,221.583,48.355988,-123.612037,935
5917056,Capital H (Part 2),RDA,178,114,84,1268.9187,48.583072,-124.035354,997
5917801,Cole Bay 3,IRI,322,83,82,2.8183,48.620457,-123.455058,935
5917802,Union Bay 4,IRI,116,38,38,0.2894,48.665114,-123.449252,935
5917803,East Saanich 2,IRI,1709,893,853,2.6933,48.591283,-123.387352,935
5917804,South Saanich 1,IRI,818,208,205,2.0887,48.584337,-123.457773,935
5917805,Galiano Island 9,IRI,0,0,0,0.2411,49.005676,-123.583805,999
5917809,Becher Bay 1,IRI,324,113,102,2.6348,48.339081,-123.597847,935
5917811,Esquimalt,IRI,,,,0.2167,48.445127,-123.430355,935
5917812,New Songhees 1A,IRI,1678,917,837,0.71,48.444697,-123.421322,935
5917815,Gordon River 2,IRI,96,33,29,0.9196,48.579076,-124.407821,999
5917819,T'Sou-ke,IRI,219,86,80,0.7463,48.363219,-123.747825,935
5919008,North Cowichan,DM,28807,12686,12056,195.5387,48.846462,-123.707255,937
5919012,Duncan,CY,4932,2533,2384,2.0708,48.779608,-123.70267,937
5919013,Cowichan Valley D,RDA,2971,1356,1269,15.6654,48.757957,-123.59391,937
5919015,Cowichan Valley G,RDA,2221,1318,993,294.6871,49.044366,-123.627637,997
5919016,Lake Cowichan,T,2974,1458,1324,8.0471,48.825541,-124.065479,997
5919017,Cowichan Valley H,RDA,2332,1108,1017,83.093,49.029543,-123.86422,996
5919021,Ladysmith,T,7921,3564,3410,11.9913,48.979354,-123.806677,997
5919033,Cowichan Valley F,RDA,1649,870,712,1792.5775,48.724782,-124.392078,997
5919035,Cowichan Valley I,RDA,1111,884,546,505.7929,48.952913,-124.379171,997
5919043,Cowichan Valley A,RDA,4393,1890,1768,49.3117,48.621475,-123.545667,996
5919046,Cowichan Valley B,RDA,8127,3421,3066,306.4992,48.652633,-123.708216,996
5919049,Cowichan Valley C,RDA,4796,2195,2113,22.5921,48.701726,-123.559054,996
5919051,Cowichan Valley E,RDA,3854,1600,1528,134.8261,48.775986,-123.794069,937
5919801,Halalt 2,IRI,160,41,37,1.1997,48.873615,-123.692731,937
5919802,Squaw-hay-one 11,IRI,40,11,10,0.3291,48.901495,-123.695276,937
5919803,Tsussie 6,IRI,88,21,21,0.1261,48.883461,-123.67546,937
5919804,Chemainus 13,IRI,683,158,153,11.7314,49.019832,-123.789147,997
5919808,Kil-pah-las 3,IRI,0,2,1,0.2182,48.738509,-123.609116,937
5919809,Kuper Island 7,IRI,446,126,125,9.1213,48.957953,-123.645443,998
5919811,Shingle Point 4,IRI,0,0,0,0.4011,49.041618,-123.63854,999
5919812,Cowichan Lake,IRI,33,9,9,0.4252,48.827015,-124.073604,999
5919814,Malachan 11,IRI,162,76,55,0.5705,48.807179,-124.669102,997
5919815,Malahat 11,IRI,102,22,22,2.4529,48.61809,-123.530958,999
5919816,Oyster Bay 12,IRI,89,21,19,1.2286,49.016733,-123.860593,999
5919817,Portier Pass 5,IRI,0,0,0,0.019,49.015962,-123.597072,999
5919818,Theik 2,IRI,31,9,9,0.3387,48.742518,-123.638167,937
5919820,Est-Patrolas 4,IRI,41,9,9,0.325,48.71393,-123.606565,999
5919821,Tzart-Lam 5,IRI,32,8,8,0.0747,48.759646,-123.829378,937
5919822,Cowichan,IRI,2337,526,499,23.2966,48.768182,-123.642472,937
5921007,Nanaimo,CY,83810,38800,36204,91.2998,49.179414,-123.953516,938
5921008,Lantzville,DM,3601,1538,1463,27.6568,49.239952,-124.096342,938
5921010,Nanaimo A,RDA,6908,3066,2901,59.6988,49.089021,-123.825209,938
5921014,Nanaimo B,RDA,4045,2968,2075,57.7284,49.146765,-123.70342,997
5921016,Nanaimo C,RDA,2834,1086,1036,1099.0137,49.109093,-124.293604,938
5921018,Parksville,CY,11977,6216,5686,14.4377,49.3194,-124.303341,939
5921023,Qualicum Beach,T,8687,4536,4129,17.9775,49.345848,-124.428756,939
5921030,Nanaimo E,RDA,5674,2892,2587,75.166,49.296404,-124.16976,996
5921032,Nanaimo F,RDA,7422,3548,3247,264.3713,49.283396,-124.470702,996
5921034,Nanaimo G,RDA,7158,3421,3168,49.3445,49.353055,-124.380853,939
5921036,Nanaimo H,RDA,3509,2279,1638,277.4051,49.402494,-124.680368,996
5921804,Nanaimo Town 1,IRI,377,127,123,0.202,49.150229,-123.928901,938
5921805,Nanoose,IRI,204,80,78,0.7278,49.250287,-124.120524,938
5921806,Qualicum,IRI,81,32,31,0.7447,49.400607,-124.614454,999
5921807,Nanaimo River,IRI,287,98,97,2.2394,49.124396,-123.874405,938
5923008,Port Alberni,CY,17743,8428,7942,19.7599,49.24613,-124.802648,940
5923019,Ucluelet,DM,1627,814,711,6.81,48.943565,-125.558074,998
5923025,Tofino,DM,1876,1033,765,10.5267,49.130083,-125.894066,998
5923033,Alberni-Clayoquot B,RDA,456,213,196,92.2926,49.356742,-124.920747,940
5923035,Alberni-Clayoquot D,RDA,1701,1192,775,1402.1334,49.303456,-125.247397,940
5923037,Alberni-Clayoquot E,RDA,2885,1243,1203,21.9164,49.301431,-124.859592,940
5923039,Alberni-Clayoquot F,RDA,1916,871,835,186.5734,49.193171,-124.753258,940
5923047,Alberni-Clayoquot A,RDA,192,342,104,1621.571,48.867115,-124.973875,998
5923049,Alberni-Clayoquot C,RDA,433,437,180,3205.4147,49.176393,-125.826073,998
5923801,Ahahswinis 1,IRI,160,60,57,0.408,49.265036,-124.823701,940
5923802,Alberni 2,IRI,10,3,3,0.546,49.214535,-124.808732,940
5923803,Anacla 12,IRI,73,46,41,0.928,48.79851,-125.119236,999
5923804,Clakamucus 2,IRI,0,1,1,0.097,48.978761,-125.575014,999
5923805,Elhlateese 2,IRI,19,14,7,2.3012,49.025602,-125.037826,999
5923806,Hesquiat 1,IRI,5,2,1,1.9028,49.396093,-126.473244,999
5923807,Ittatsoo 1,IRI,240,90,89,0.6762,48.939568,-125.525727,998
5923808,Marktosis 15,IRI,695,171,161,1.2003,49.275727,-126.055176,997
5923809,Numukamis 1,IRI,10,3,3,6.7128,48.900126,-124.984462,999
5923810,Macoah 1,IRI,22,11,10,0.432,48.995903,-125.379455,999
5923813,Opitsat 1,IRI,156,52,47,0.7204,49.176046,-125.909915,998
5923814,Sachsa 4,IRI,0,2,0,0.0692,48.836723,-125.105881,999
5923816,Tsahaheh 1,IRI,584,194,184,3.9115,49.274518,-124.87294,940
5923822,Klehkoot 2,IRI,10,6,6,1.174,49.294565,-124.895125,940
5923823,Esowista 3,IRI,176,36,36,0.0962,49.07159,-125.781418,998
5923824,Refuge Cove 6,IRI,72,41,32,0.1664,49.365191,-126.271532,999
5923825,Tin Wis 11,IRI,0,0,0,0.1385,49.130412,-125.897473,999
5924025,Gold River,VL,1267,790,560,10.7798,49.738805,-126.080745,997
5924029,Zeballos,VL,125,123,64,1.5565,49.982875,-126.846261,999
5924030,Tahsis,VL,316,397,168,5.2628,49.917436,-126.663939,997
5924034,Campbell River,CY,31186,14281,13423,143.1201,50.003616,-125.29254,944
5924039,Sayward,VL,317,186,149,4.5065,50.377353,-125.955728,997
5924042,Strathcona D (Oyster Bay - Buttle Lake),RDA,4037,1811,1693,1591.2869,49.864271,-125.552855,944
5924048,Strathcona A,RDA,807,479,357,7132.1491,49.915563,-126.649674,996
5924052,Strathcona B,RDA,1007,725,501,135.5979,50.061441,-124.985181,998
5924054,Strathcona C,RDA,2601,1690,1203,9238.4859,50.594806,-124.840659,997
5924803,Ahaminaquus 12,IRI,0,0,0,0.2659,49.68233,-126.119815,999
5924804,Campbell River 11,IRI,424,153,144,1.0156,50.036224,-125.248218,944
5924805,Chenahkint 12,IRI,0,3,0,0.2374,49.874732,-126.977824,999
5924806,Houpsitas 6,IRI,182,46,41,0.1353,50.029895,-127.376196,998
5924812,Quinsam 12,IRI,246,88,85,1.3836,50.020496,-125.289405,944
5924813,Village Island 1,IRI,0,0,0,0.5485,50.011409,-127.402064,999
5924814,Yuquot 1,IRI,10,1,1,0.8281,49.59025,-126.620364,999
5924817,Cape Mudge 10,IRI,143,67,61,4.9448,50.009472,-125.18741,997
5924818,Squirrel Cove 8,IRI,0,1,1,0.1708,50.14478,-124.92066,999
5924820,Tork 7,IRI,47,33,29,2.6261,50.128891,-124.9366,999
5924833,Oclucje 7,IRI,30,9,8,0.1232,49.989138,-126.940018,999
5924835,Tsa Xana 18,IRI,234,62,57,2.0537,49.811604,-126.073778,998
5924836,Ehatis 11,IRI,70,12,12,0.2311,49.983714,-126.861841,999
5924840,Homalco 9,IRI,203,76,73,0.5635,49.951534,-125.245361,944
5926005,Comox,T,13627,6236,5974,16.7356,49.694742,-124.915082,943
5926010,Courtenay,CY,24099,11377,10889,29.3809,49.696767,-124.976444,943
5926014,Cumberland,VL,3398,1455,1404,29.0011,49.632869,-125.051683,943
5926021,Comox Valley A,RDA,6899,4001,3223,492.7201,49.547541,-124.813765,943
5926022,Comox Valley B (Lazo North),RDA,6939,3116,2912,56.7152,49.728191,-124.896495,943
5926024,Comox Valley C (Puntledge - Black Creek),RDA,8325,3854,3373,1074.6149,49.722558,-125.208479,996
5926801,Comox 1,IRI,251,117,110,0.5819,49.680314,-124.956941,943
5926802,Pentledge 2,IRI,0,0,0,0.8264,49.698085,-125.003069,999
5927008,Powell River,CY,13165,6199,5901,28.9133,49.860295,-124.528462,945
5927010,Powell River A,RDA,1008,1451,511,3892.7585,50.371569,-124.257517,996
5927012,Powell River B,RDA,1488,831,675,128.8715,49.871864,-124.498029,945
5927016,Powell River C,RDA,2014,1155,923,642.6903,49.813045,-124.307149,945
5927018,Powell River D,RDA,1053,710,533,300.3976,49.665413,-124.465914,997
5927020,Powell River E,RDA,426,290,245,73.3178,49.459454,-124.26313,997
5927802,Sliammon 1,IRI,730,348,312,8.1404,49.906772,-124.614105,996
5927806,Sechelt (Part),IGD,22,16,11,0.2431,49.774565,-124.333927,945
5929005,Gibsons,T,4437,2180,2013,4.2936,49.400739,-123.517295,997
5929011,Sechelt,DM,9291,4828,4296,39.0077,49.481566,-123.794408,997
5929018,Sunshine Coast A,RDA,2678,2301,1323,1901.6176,49.914434,-123.725319,997
5929022,Sunshine Coast B,RDA,2675,1719,1167,1274.443,49.650896,-123.51553,997
5929024,Sunshine Coast D,RDA,3244,1623,1366,143.6421,49.427895,-123.661342,997
5929026,Sunshine Coast E,RDA,3482,1584,1433,21.6034,49.385555,-123.53835,997
5929028,Sunshine Coast F,RDA,2015,1868,886,381.0762,49.512265,-123.419609,997
5929801,Chekwelp 26,IRI,0,1,1,0.1392,49.409145,-123.500291,999
5929803,Sechelt (Part),IGD,797,394,354,10.7974,50.084859,-123.74378,998
5931006,Squamish,DM,17158,6953,6520,104.8811,49.74276,-123.136479,934
5931012,Pemberton,VL,2369,1111,979,10.892,50.302313,-122.806678,998
5931017,Squamish-Lillooet C,RDA,1804,1142,761,5570.3935,50.374487,-123.200637,998
5931020,Whistler,DM,9824,9239,3900,240.4048,50.092243,-122.993814,997
5931021,Squamish-Lillooet D,RDA,836,537,367,3041.6273,49.966142,-123.148853,996
5931026,Lillooet,DM,2322,1181,1068,27.5105,50.679962,-121.903413,998
5931032,Squamish-Lillooet A,RDA,224,527,115,3715.0258,50.879005,-122.883191,997
5931034,Squamish-Lillooet B,RDA,359,275,168,3467.4742,50.742839,-122.198813,998
5931801,Cheakamus 11,IRI,56,20,19,18.8385,49.803169,-123.196313,999
5931802,Kowtain 17,IRI,37,11,11,0.2714,49.742044,-123.140642,934
5931806,Seaichem 16,IRI,53,27,25,0.0286,49.754463,-123.141864,934
5931807,Stawamus 24,IRI,97,27,27,0.2568,49.690761,-123.148722,934
5931808,Waiwakum 14,IRI,111,40,33,0.1233,49.77042,-123.161545,934
5931809,Yekwaupsum 18,IRI,23,11,10,0.0244,49.725878,-123.161922,934
5931812,Nesuch 3,IRI,110,46,44,4.856,50.308865,-122.637842,999
5931813,Bridge River 1,IRI,236,85,84,38.8275,50.783175,-122.021053,999
5931814,Cayoosh Creek 1,IRI,54,27,24,1.5745,50.673635,-121.938396,999
5931815,Chilhil 6,IRI,70,29,28,2.5429,50.63468,-121.801281,999
5931816,Fountain  1,IRI,130,48,46,1.3778,50.73492,-121.865053,997
5931817,Fountain  3,IRI,10,3,3,2.9343,50.777557,-121.834759,999
5931818,Fountain 10,IRI,5,2,2,0.9674,50.759032,-121.923395,999
5931819,Fountain 11,IRI,0,2,1,0.2238,50.720603,-121.908708,999
5931820,Fountain 12,IRI,15,4,4,0.2965,50.68654,-121.809598,999
5931821,Lillooet 1,IRI,222,96,87,3.6899,50.682738,-121.944128,998
5931822,Fountain Creek 8,IRI,5,2,2,0.2264,50.706269,-121.835415,999
5931823,McCartney's Flat 4,IRI,32,14,13,1.8119,50.658008,-121.901841,999
5931824,Seton Lake 5,IRI,5,5,4,0.0558,50.666963,-121.988444,999
5931826,Necait 6,IRI,16,8,6,0.3696,50.703546,-122.299646,999
5931827,Nesikep 6,IRI,5,4,3,5.4331,50.549105,-121.787487,999
5931828,Pashilqua 2,IRI,30,13,12,3.1299,50.650255,-121.917249,999
5931829,Pavilion 1,IRI,51,24,23,9.4174,50.884142,-121.845588,999
5931831,Slosh 1,IRI,223,92,87,7.8882,50.728497,-122.200868,998
5931832,Towinock 2,IRI,5,4,3,0.8795,50.583957,-121.853918,999
5931833,Mission 5,IRI,25,13,11,0.2601,50.704178,-122.279864,999
5931842,Fountain  1B,IRI,51,16,15,0.8675,50.739564,-121.878306,999
5931843,Mount Currie,IRI,1306,402,393,22.9447,50.330993,-122.667803,998
5931844,Nequatque,IRI,292,106,100,2.0974,50.547175,-122.477698,999
5933006,Merritt,CY,7113,3115,2903,24.8165,50.108792,-120.775244,998
5933008,Thompson-Nicola M,RDA,1823,1057,791,3854.815,50.197568,-120.342083,997
5933012,Thompson-Nicola N,RDA,749,422,316,2346.8148,49.954167,-120.921208,997
5933015,Lytton,VL,228,137,113,6.5429,50.225104,-121.575096,998
5933019,Ashcroft,VL,1628,803,758,50.8988,50.693973,-121.340663,998
5933024,Cache Creek,VL,1040,512,473,10.2496,50.800085,-121.321371,998
5933028,Clinton,VL,636,367,318,7.8878,51.09291,-121.579205,997
5933032,Thompson-Nicola E (Bonaparte Plateau),RDA,1074,1385,526,6655.0121,51.23917,-121.646753,997
5933035,Logan Lake,DM,2073,1079,964,325.332,50.498356,-121.020967,925
5933037,Thompson-Nicola I (Blue Sky Country),RDA,1256,715,566,5740.8106,50.4772,-121.456662,998
5933039,Thompson-Nicola J (Copper Desert Country),RDA,1560,924,655,3294.5225,50.819339,-120.743725,925
5933042,Kamloops,CY,85678,36949,35022,299.2309,50.687418,-120.344113,925
5933044,Thompson-Nicola P (Rivers and the Peaks),RDA,3620,1876,1525,1549.5957,50.884096,-120.079566,925
5933045,Sun Peaks Mountain,VL,371,1091,176,40.8626,50.883441,-119.891694,925
5933054,Chase,VL,2495,1236,1128,3.7662,50.821764,-119.690899,925
5933060,Thompson-Nicola L,RDA,3049,1469,1299,1917.2172,50.559153,-119.902245,996
5933067,Clearwater,DM,2331,1068,987,55.6833,51.648755,-120.02289,998
5933068,Thompson-Nicola A (Wells Gray Country),RDA,1536,820,706,7099.1923,51.957445,-120.181418,997
5933070,Thompson-Nicola B (Thompson Headwaters),RDA,283,188,140,5136.0045,52.147646,-119.232452,999
5933072,Thompson-Nicola O (Lower North Thompson),RDA,1335,924,605,5392.0516,51.318513,-119.945715,997
5933074,Barriere,DM,1773,876,806,10.7663,51.180223,-120.126896,997
5933801,Coldwater 1,IRI,349,114,112,18.3632,50.032391,-120.859414,998
5933802,Douglas Lake 3,IRI,158,63,63,94.7531,50.182017,-120.28018,998
5933803,Hamilton Creek 2,IRI,0,0,0,0.8087,50.148064,-121.519313,999
5933805,Joeyaska 2,IRI,44,16,16,1.3022,50.090532,-120.759782,999
5933806,Nicola Lake 1,IRI,144,60,58,11.3219,50.206719,-120.481403,997
5933807,Nicola Mameet 1,IRI,603,208,201,46.0295,50.19379,-120.828335,997
5933808,Nooaitch 10,IRI,127,47,43,7.3038,50.190338,-121.057894,998
5933809,Paul's Basin 2,IRI,36,11,9,5.6468,49.983122,-120.954593,999
5933810,Chuchhraischin,IRI,0,0,0,0.1759,50.447243,-121.343507,999
5933811,Zoht 4,IRI,25,14,14,2.1067,50.180864,-120.66554,999
5933812,Bonaparte 3,IRI,138,58,45,7.0607,50.837376,-121.376936,997
5933813,Halhalaeden,IRI,5,2,2,1.6592,50.292721,-121.62604,999
5933814,Canoe Creek 1,IRI,97,27,27,0.7046,51.47001,-122.152339,999
5933817,Skeetchestn,IRI,253,120,102,80.1414,50.829459,-120.969141,997
5933819,High Bar 1,IRI,5,1,1,13.4543,51.107066,-121.995441,999
5933821,Canoe Creek 2,IRI,0,0,0,15.7572,51.43408,-122.025363,999
5933823,Kitzowit 20,IRI,20,7,7,0.1221,50.200967,-121.570975,999
5933824,Skuppah 2A,IRI,0,0,0,0.1866,50.194706,-121.578506,999
5933825,Inklyuhkinatko 2,IRI,41,15,13,0.6886,50.188813,-121.57364,999
5933828,Basque 18,IRI,5,4,2,4.2995,50.628143,-121.325189,999
5933829,Klahkamich 17,IRI,52,18,16,0.1329,50.228189,-121.577164,999
5933830,Klahkowit 5,IRI,0,0,0,1.1428,50.322875,-121.400524,999
5933831,Kleetlekut 22,IRI,5,3,3,1.2064,50.262019,-121.572382,999
5933832,Klickkumcheen 18,IRI,87,31,30,0.3991,50.236657,-121.576598,999
5933833,Inkluckcheen,IRI,199,66,63,4.2505,50.270967,-121.596898,999
5933834,Kumcheen 1,IRI,39,15,15,0.1538,50.422831,-121.317398,999
5933836,Lower Hat Creek 2,IRI,54,18,17,8.3774,50.887315,-121.489562,999
5933837,Peq-Paq 22,IRI,0,0,0,1.932,50.605387,-121.375771,999
5933838,Neskonlith,IRI,237,86,79,24.7725,50.767463,-119.743759,997
5933839,Lytton  4A,IRI,0,0,0,1.7532,50.441637,-121.719379,999
5933840,Lytton  4E,IRI,5,3,3,1.2543,50.426267,-121.709765,999
5933841,Lytton  9A,IRI,5,5,2,1.5157,50.309485,-121.649423,999
5933842,Lytton  9B,IRI,0,1,1,0.7336,50.272162,-121.627331,999
5933844,Ashcroft 4,IRI,76,31,28,1.4001,50.718379,-121.315535,999
5933845,105 Mile Post 2,IRI,21,5,5,13.6198,50.733812,-121.316262,999
5933846,Oregon Jack Creek 5,IRI,5,2,1,4.3537,50.599472,-121.315704,999
5933848,Nickel Palm 4,IRI,10,6,4,0.6588,50.445683,-121.703244,999
5933849,Siska Flat,IRI,106,38,37,0.6317,50.135871,-121.570058,999
5933850,Nickeyeah 25,IRI,16,6,6,0.9432,50.207924,-121.584601,999
5933851,Nicomen 1,IRI,64,21,18,0.6759,50.262339,-121.4044,999
5933852,Nohomeen 23,IRI,5,2,2,0.1734,50.248343,-121.597871,999
5933853,Nuuautin 2,IRI,128,40,38,1.9241,50.258172,-121.596023,998
5933854,Paska Island 3,IRI,0,0,0,0.5497,50.61576,-121.317217,999
5933855,Papyum 27,IRI,29,9,9,0.4719,50.236976,-121.590349,999
5933857,Pemynoos 9,IRI,0,0,0,18.9495,50.482592,-121.262657,999
5933858,Seah 5,IRI,20,5,5,1.5965,50.499661,-121.735237,999
5933859,Shackan 11,IRI,55,28,27,25.5234,50.29016,-121.177052,999
5933861,Kloklowuck 7,IRI,5,3,3,0.8132,50.361425,-121.240009,999
5933865,Skuppah 4,IRI,5,4,4,0.1288,50.172827,-121.580101,999
5933866,Skwayaynope 26,IRI,5,2,1,0.9798,50.19276,-121.591328,999
5933868,Spintlum Flat 3,IRI,5,2,2,1.775,50.337932,-121.647592,999
5933870,Nkaih 10,IRI,0,0,0,1.1603,50.327427,-121.657177,999
5933872,Marble Canyon 3,IRI,68,30,24,2.842,50.817694,-121.665724,999
5933873,Stryen 9,IRI,75,22,20,2.5254,50.288837,-121.637121,999
5933874,Tsaukan 12,IRI,0,1,1,0.6678,50.37332,-121.679061,999
5933875,Upper Hat Creek 1,IRI,29,13,12,9.0129,50.813924,-121.572978,999
5933876,Upper Nepa 6,IRI,10,8,6,2.8977,50.662723,-121.26123,999
5933877,Whispering Pines 4,IRI,60,20,19,5.0449,50.982761,-120.243992,925
5933878,Yawaucht 11,IRI,10,2,2,1.157,50.3479,-121.669605,999
5933879,Zacht 5,IRI,25,5,5,0.2315,50.154772,-121.575125,999
5933880,Kamloops 1,IRI,2577,1262,1136,136.8523,50.755102,-120.276528,925
5933881,Spences Bridge,IRI,0,1,1,0.2089,50.414757,-121.360246,999
5933882,Kanaka Bar,IRI,15,7,7,1.2744,50.114791,-121.561738,999
5933884,Sahhaltkum 4,IRI,320,117,103,13.4284,50.82162,-119.723931,925
5933886,Nekalliston 2,IRI,0,1,0,0.0859,51.424613,-120.194621,999
5933887,North Thompson 1,IRI,252,107,95,12.8865,51.289873,-120.15527,998
5933888,Louis Creek 4,IRI,15,8,8,0.0177,51.136997,-120.127526,999
5933889,Squaam 2,IRI,10,32,4,0.4564,51.079181,-119.783808,999
5933895,Shawniken 4B,IRI,15,10,8,0.0356,50.416647,-121.355821,999
5933896,Nekliptum  1,IRI,53,12,12,0.1383,50.110033,-121.552626,999
5933897,Boothroyd 8A (Part),IRI,0,0,0,0.0311,50.055927,-121.544941,999
5935010,Kelowna,CY,117312,54760,49668,211.816,49.882519,-119.440415,915
5935012,Central Okanagan,RDA,3795,1655,1518,1246.5089,49.912911,-119.200715,915
5935016,Lake Country,DM,11708,5217,4533,122.1933,50.07349,-119.406091,915
5935018,Peachland,DM,5200,2652,2311,15.7496,49.775183,-119.735499,915
5935020,Central Okanagan J,RDA,1947,1540,859,1172.6895,50.024243,-119.688002,915
5935029,West Kelowna,DM,30892,13034,11803,123.5101,49.863916,-119.611334,915
5935801,Duck Lake 7,IRI,1917,1301,972,2.0172,50.009308,-119.397116,915
5935802,Tsinstikeptum  9,IRI,5882,3145,2791,6.9166,49.839911,-119.60734,915
5935803,Tsinstikeptum 10,IRI,1186,532,487,3.4634,49.881191,-119.538021,915
5937005,Lumby,VL,1731,756,716,5.7392,50.249585,-118.971978,996
5937010,Coldstream,DM,10314,4023,3798,66.2769,50.224277,-119.167702,918
5937014,Vernon,CY,38150,18244,16430,95.756,50.229602,-119.347403,918
5937017,North Okanagan B,RDA,3046,1341,1184,488.5791,50.360354,-119.50803,918
5937021,North Okanagan C,RDA,3872,2168,1462,299.7888,50.361423,-119.099698,918
5937022,North Okanagan D,RDA,2848,1245,1141,1792.437,50.169909,-118.878144,997
5937023,North Okanagan E,RDA,939,476,409,2605.7767,50.359978,-118.514052,997
5937024,Spallumcheen,DM,5055,2026,1948,255.7719,50.438024,-119.204576,997
5937028,Armstrong,CY,4815,2067,1986,5.1888,50.444312,-119.198011,997
5937033,Enderby,CY,2932,1454,1347,4.2632,50.553869,-119.144154,997
5937041,North Okanagan F,RDA,3938,2176,1632,1769.0135,50.682164,-118.755404,997
5937801,Okanagan (Part) 1,IRI,2604,1750,1229,90.0623,50.322836,-119.362518,918
5937802,Enderby 2,IRI,390,145,140,23.0805,50.532123,-119.144841,997
5937803,Priest's Valley 6,IRI,598,334,323,0.3579,50.24704,-119.338475,918
5937805,Harris 3,IRI,5,3,2,0.5088,50.387281,-119.233657,999
5939007,Golden,T,3701,1722,1539,11.4105,51.297632,-116.962455,998
5939011,Columbia-Shuswap A,RDA,3065,1798,1324,13458.2892,51.584189,-117.330261,998
5939019,Revelstoke,CY,7139,3379,3076,40.7626,50.996758,-118.192816,998
5939023,Columbia-Shuswap B,RDA,552,339,240,9776.6478,51.249551,-117.978412,997
5939032,Salmon Arm,CY,17464,7755,7349,155.2765,50.700369,-119.284492,920
5939037,Columbia-Shuswap C,RDA,7662,4807,3406,506.3419,50.852166,-119.273483,996
5939039,Columbia-Shuswap D,RDA,4047,1821,1624,693.9779,50.574086,-119.472462,996
5939043,Columbia-Shuswap E,RDA,1335,1124,605,1531.9808,50.976181,-118.72336,997
5939044,Columbia-Shuswap F,RDA,2368,3221,1173,2656.9296,51.203853,-119.022362,997
5939045,Sicamous,DM,2441,1916,1119,12.7148,50.836316,-118.979456,997
5939801,Chum Creek 2,IRI,51,32,22,2.7739,50.858874,-119.592512,999
5939802,Hustalen 1,IRI,26,45,15,9.1418,50.959142,-119.640437,999
5939803,North Bay 5,IRI,75,39,29,3.6624,50.784919,-119.32188,999
5939804,Okanagan (Part) 1,IRI,69,37,36,17.7588,50.443478,-119.333227,996
5939805,Quaaout 1,IRI,234,222,99,17.0991,50.887684,-119.599938,997
5939806,Salmon River 1,IRI,45,17,16,16.1334,50.49497,-119.316044,999
5939807,Scotch Creek 4,IRI,19,62,10,7.9427,50.915135,-119.473865,999
5939808,Switsemalph 3,IRI,90,27,22,5.4609,50.705209,-119.324624,920
5939811,Switsemalph,IRI,129,67,42,4.8276,50.734502,-119.317642,920
5941005,One Hundred Mile House,DM,1886,908,829,53.2874,51.639042,-121.298064,998
5941009,Williams Lake,CY,10832,4947,4528,33.1304,52.129446,-122.134924,950
5941010,Cariboo D,RDA,2988,1400,1235,852.7643,52.361149,-122.228276,950
5941012,Cariboo E,RDA,4129,1826,1681,1748.9011,51.821565,-122.124442,950
5941013,Quesnel,CY,10007,4627,4328,35.38,52.986044,-122.473934,952
5941014,Cariboo F,RDA,4564,2191,1901,9760.3058,52.482499,-121.249979,996
5941015,Cariboo G,RDA,4955,2550,2121,2682.7575,51.815021,-121.557409,998
5941016,Cariboo H,RDA,1569,1002,736,2602.652,51.907515,-120.701624,998
5941017,Cariboo L,RDA,4177,3141,1884,1269.8149,51.547157,-120.914558,998
5941019,Cariboo A,RDA,6250,2634,2537,779.3985,52.775536,-122.280999,952
5941021,Cariboo B,RDA,4006,1766,1631,1414.6241,53.173898,-122.644409,952
5941025,Wells,DM,245,183,129,158.2797,53.121012,-121.64565,997
5941026,Cariboo C,RDA,1225,563,522,7385.5176,53.088067,-121.519909,996
5941027,Cariboo I,RDA,1511,732,639,11947.0374,52.957472,-123.594037,952
5941039,Cariboo J,RDA,600,601,297,25931.5041,52.106482,-124.970279,998
5941041,Cariboo K,RDA,494,306,219,13678.5456,51.842751,-123.010362,997
5941801,Alkali Lake 1,IRI,353,118,113,2.589,51.789502,-122.224505,950
5941802,Canim Lake 1,IRI,224,68,67,17.3117,51.77814,-120.985994,998
5941803,Canim Lake 4,IRI,0,1,1,0.1286,51.795503,-121.47212,999
5941804,Canoe Creek 3,IRI,0,0,0,28.0332,51.530186,-122.250402,999
5941805,Deep Creek 2,IRI,111,46,40,15.6691,52.268107,-122.091141,996
5941806,Dog Creek 1,IRI,80,37,32,1.3646,51.586191,-122.20396,950
5941807,Dog Creek 2,IRI,30,11,11,2.1937,51.593045,-122.090804,950
5941808,Lohbiee 3,IRI,118,42,37,2.2815,51.473989,-123.938104,999
5941809,Quesnel 1,IRI,73,25,24,5.5559,52.948292,-122.480141,952
5941810,Soda Creek 1,IRI,33,15,14,4.0271,52.318039,-122.265124,950
5941811,Johny Sticks 2,IRI,20,5,5,3.0653,51.836494,-122.175662,950
5941812,Williams Lake 1,IRI,227,85,80,16.6031,52.107259,-121.99015,997
5941813,Canim Lake 2,IRI,5,4,4,0.5642,51.741863,-121.130582,999
5941817,Alexis Creek 14,IRI,0,1,1,1.646,52.20473,-124.311481,999
5941818,Alexis Creek 16,IRI,0,1,1,0.3906,52.175155,-124.315327,999
5941819,Alexis Creek 24,IRI,0,0,0,0.7413,52.301179,-124.364526,999
5941820,Alexis Creek 25,IRI,0,1,0,0.3011,52.299799,-124.400324,999
5941821,Anahim's Flat 1,IRI,475,125,122,38.5344,52.016028,-123.172309,998
5941827,Charley Boy's Meadow 3,IRI,0,6,0,4.7115,52.305996,-124.216783,999
5941828,Chilco Lake 1,IRI,43,22,17,1.0056,51.412964,-124.113898,999
5941829,Chilco Lake 1A,IRI,0,1,1,6.7998,51.422749,-124.111879,999
5941831,Tanakut 4,IRI,5,8,4,2.0998,51.485672,-123.845506,999
5941833,Kluskus 1,IRI,39,15,13,4.4656,53.092496,-124.489618,952
5941834,Louis Squinas Ranch 14,IRI,0,0,0,3.4632,52.57398,-125.450956,999
5941835,Coglistiko River 29,IRI,0,0,0,0.6198,52.98706,-123.841184,952
5941837,Nazco 20,IRI,132,40,36,4.6719,52.951332,-123.582565,952
5941838,Puntzi Lake 2,IRI,5,3,3,0.2328,52.206888,-124.057969,999
5941839,Redstone Flat 1,IRI,185,59,55,3.447,52.138168,-123.951858,998
5941840,Squinas 2,IRI,161,68,47,4.1662,52.47502,-125.304508,998
5941841,Stone 1,IRI,201,50,46,15.4739,51.923308,-123.136015,999
5941842,Alexis Creek 17,IRI,0,0,0,1.6952,52.197407,-124.362311,999
5941843,Seymour Meadows 19,IRI,0,1,0,1.5694,52.202743,-124.44739,999
5941844,Agats Meadow 8,IRI,0,1,0,1.2115,52.284787,-124.163401,999
5941845,Thomas Squinas Ranch 2A,IRI,20,8,7,2.6894,52.488221,-125.328526,999
5941846,Toby's Meadow 4,IRI,0,1,0,0.6977,52.293675,-124.175119,999
5941847,Alexis Creek  6,IRI,0,4,0,0.9099,52.351204,-124.092266,999
5941848,Alexis Creek 21,IRI,0,2,0,3.6113,52.322694,-124.279412,999
5941849,Baptiste Meadow 2,IRI,5,2,2,2.0648,51.997068,-122.554834,999
5941850,Toosey 1,IRI,113,43,41,22.4866,51.932211,-122.483158,999
5941851,Towdystan Lake 3,IRI,10,5,4,2.6398,52.289559,-125.121494,999
5941852,Trout Lake Alec 16,IRI,21,5,3,0.943,53.183029,-123.520569,952
5941854,Ulkatcho 13,IRI,0,0,0,2.0139,52.378913,-125.044201,999
5941855,Windy Mouth 7,IRI,5,2,2,0.0258,51.849458,-121.579169,999
5941856,Alexis Creek 34,IRI,0,2,0,1.3155,52.490102,-124.283297,999
5941858,Cahoose 10,IRI,0,0,0,2.1451,52.585366,-125.417625,999
5941859,Blackwater Meadow 11,IRI,0,0,0,0.5555,52.728174,-125.523655,999
5941860,Cahoose 12,IRI,0,0,0,0.6824,52.912618,-125.661142,999
5941861,Betty Creek 18,IRI,0,0,0,1.2889,52.920349,-125.405568,999
5941862,Salmon River Meadow 7,IRI,0,1,1,0.9993,52.970211,-125.159106,999
5941863,Tzetzi Lake 11,IRI,0,0,0,0.6907,52.994007,-124.994028,999
5941864,Sundayman's Meadow 3,IRI,5,9,1,0.4883,53.120809,-124.334717,952
5941865,Tatelkus Lake 28,IRI,0,0,0,1.1445,53.310332,-124.718537,952
5941866,Euchinico Creek 17,IRI,0,0,0,3.9204,53.210691,-123.499889,952
5941868,Sandy Harry 4,IRI,5,1,1,1.6833,51.817014,-122.093247,950
5941871,Fishtrap 19,IRI,20,13,10,0.2772,52.356677,-125.155836,999
5941872,Swan Lake  3,IRI,5,3,2,0.9879,51.840196,-122.113913,950
5941873,Alkali Lake 4A,IRI,5,2,2,1.2978,51.825221,-122.116887,950
5941876,Lezbye  6,IRI,0,0,0,0.8935,51.417174,-124.071155,999
5941879,Michel Gardens 36,IRI,10,5,5,0.0414,52.150272,-123.914871,999
5941880,Ulkatcho 14A,IRI,138,72,58,2.6648,52.447252,-125.273037,998
5941881,Baezaeko River 27,IRI,0,3,1,0.2159,52.98813,-123.811627,952
5941882,Alexandria,IRI,52,16,12,8.5751,52.572013,-122.494402,952
5941883,Anahim's Meadow,IRI,0,7,1,4.2048,52.10952,-123.239659,999
5941884,Garden,IRI,10,3,3,2.0364,51.431298,-124.05002,999
5941885,Little Springs,IRI,10,7,6,4.7254,51.850281,-122.090058,950
5943008,Alert Bay,VL,445,245,214,1.7294,50.579986,-126.920608,998
5943012,Port McNeill,T,2505,1106,1005,13.7676,50.585796,-127.089486,998
5943017,Port Alice,VL,805,559,412,7.038,50.422031,-127.482631,998
5943023,Port Hardy,DM,4008,2037,1752,38.7275,50.701682,-127.440517,998
5943027,Mount Waddington B,RDA,81,97,51,2583.7948,50.641637,-128.119165,999
5943031,Mount Waddington C,RDA,756,481,331,1518.282,50.57825,-127.359733,998
5943033,Mount Waddington D,RDA,272,265,124,3336.2816,50.246978,-126.635745,998
5943037,Mount Waddington A,RDA,981,592,445,12703.1055,51.208268,-126.177574,997
5943804,Fort Rupert 1,IRI,46,17,17,0.0477,50.695293,-127.405621,999
5943806,Tsulquate 4,IRI,491,113,107,0.4978,50.738206,-127.497518,999
5943807,Dead Point 5,IRI,10,6,6,0.4184,50.595268,-126.593741,999
5943808,Gwayasdums 1,IRI,38,17,16,0.318,50.694814,-126.597163,999
5943809,Hopetown 10A,IRI,0,0,0,0.031,50.923593,-126.821061,999
5943813,Quaee 7,IRI,91,49,32,2.0423,50.973638,-126.174778,999
5943815,Kippase 2,IRI,211,79,75,0.1396,50.694074,-127.410131,999
5943816,Quatsino Subdivision 18,IRI,214,85,76,0.2415,50.614909,-127.569272,999
5943817,Thomas Point 5,IRI,0,0,0,0.2277,50.697102,-127.384115,999
5943836,Hope Island 1,IRI,15,7,5,35.0917,50.909119,-127.903367,999
5943837,Alert Bay,IRI,537,214,207,2.4828,50.595436,-126.93993,999
5945006,Central Coast A,RDA,129,117,57,19825.7328,51.973033,-127.80171,999
5945010,Central Coast C,RDA,588,313,280,3974.4929,52.382106,-126.031995,998
5945012,Central Coast D,RDA,384,201,177,304.5145,52.376935,-126.60184,998
5945014,Central Coast E,RDA,95,58,50,359.9773,52.374236,-126.757331,999
5945801,Bella Bella 1,IRI,1095,393,356,5.8455,52.153928,-128.157025,999
5945802,Bella Coola 1,IRI,852,293,255,15.2405,52.381625,-126.720521,999
5945803,Katit 1,IRI,63,38,35,6.0423,51.679299,-127.207345,999
5947007,Port Edward,DM,544,239,205,168.0054,54.185966,-130.106653,955
5947012,Prince Rupert,CY,12508,5820,4980,54.9325,54.270576,-130.318448,955
5947016,Skeena-Queen Charlotte A,RDA,29,32,20,2943.945,54.556845,-130.412604,999
5947021,Skeena-Queen Charlotte C,RDA,147,107,46,6525.5603,54.068942,-129.494851,999
5947023,Masset,VL,884,504,400,20.6121,54.020119,-132.109369,998
5947026,Queen Charlotte,VL,944,518,435,35.621,53.248946,-132.087834,999
5947027,Skeena-Queen Charlotte D,RDA,524,315,229,6434.4686,53.950903,-131.88906,997
5947030,Port Clements,VL,378,222,178,13.0381,53.687067,-132.169341,998
5947032,Skeena-Queen Charlotte E,RDA,317,276,150,3417.5309,52.823288,-131.743382,997
5947803,Masset 1,IRI,614,248,241,3.2059,54.035343,-132.179045,998
5947804,Skidegate 1,IRI,709,344,295,5.1247,53.275525,-131.982788,998
5947806,Kulkayu (Hartley Bay) 4,IRI,20,10,10,1.139,53.421381,-129.258728,997
5947807,Dolphin Island 1,IRI,405,149,120,15.4485,53.758503,-130.42006,997
5947809,Lax Kw'alaams 1,IRI,678,311,235,109.2968,54.441101,-130.356706,997
5947810,S1/2 Tsimpsean 2,IRI,83,48,30,33.5314,54.340315,-130.438994,999
5949005,Kitimat,DM,8335,4280,3630,240.0063,54.007638,-128.7003,998
5949011,Terrace,CY,11486,4861,4536,57.355,54.463463,-128.569917,965
5949013,Kitimat-Stikine C (Part 1),RDA,2696,1333,1083,9652.9305,54.552558,-128.622219,996
5949018,Kitimat-Stikine E,RDA,3988,1785,1678,16.4847,54.508922,-128.531889,965
5949020,Kitimat-Stikine C (Part 2),RDA,5,3,3,18042.1665,53.224899,-127.854534,999
5949022,Hazelton,VL,270,135,111,2.7966,55.255209,-127.643419,997
5949024,New Hazelton,DM,666,313,280,24.3619,55.24272,-127.585437,998
5949028,Kitimat-Stikine B,RDA,1507,774,660,7393.3028,55.419996,-127.904535,998
5949032,Stewart,DM,494,379,217,552.0829,55.999021,-129.989287,999
5949035,Nisga'a,NL,1909,690,590,1955.8585,55.131319,-129.37618,998
5949038,Kitimat-Stikine F,RDA,328,175,140,12985.4211,58.479465,-130.021589,998
5949039,Kitimat-Stikine A,RDA,35,43,12,25307.9508,56.056017,-129.248287,999
5949041,Kitimat-Stikine D,RDA,248,131,97,28136.9808,57.440048,-130.217488,998
5949802,Kitasoo 1,IRI,322,101,95,3.0884,52.587839,-128.529121,997
5949803,Kitamaat 2,IRI,514,190,179,1.5116,53.973065,-128.644841,997
5949804,Kitsumkaylum 1,IRI,302,98,90,4.8536,54.522592,-128.670293,997
5949805,Kshish 4,IRI,0,0,0,2.6187,54.562484,-128.462345,999
5949807,Kulspai 6,IRI,95,27,27,0.0717,54.493153,-128.583851,965
5949810,Coryatsaqua (Moricetown) 2,IRI,88,40,38,1.4333,55.039785,-127.33689,998
5949811,Hagwilget 1,IRI,238,90,78,1.2721,55.256982,-127.598441,998
5949812,Gitanmaax 1,IRI,627,227,206,10.4818,55.263833,-127.66711,998
5949813,Kispiox 1,IRI,536,214,189,12.3092,55.349565,-127.689257,998
5949814,Gitsegukla 1,IRI,448,135,131,10.9798,55.097506,-127.79837,998
5949815,Gitanyow 1,IRI,383,112,108,5.0148,55.266583,-128.072022,998
5949816,Gitwangak 1,IRI,500,153,152,17.624,55.099941,-128.06493,998
5949817,Moricetown 1,IRI,259,97,87,5.7359,55.016169,-127.331519,998
5949818,Sik-e-dakh 2,IRI,222,75,69,4.396,55.306533,-127.683868,998
5949819,Babine 17,IRI,175,53,50,1.1385,55.028391,-127.339611,999
5949820,Bulkley River 19,IRI,38,16,14,2.2291,55.029546,-127.318711,999
5949830,Kluachon Lake 1,IRI,0,0,0,0.1517,57.839185,-130.001944,999
5949832,Iskut 6,IRI,207,82,70,0.5809,57.840247,-129.991284,999
5949843,Guhthe Tah 12,IRI,157,55,54,0.3101,57.903266,-131.174146,999
5949844,Kitselas 1,IRI,220,81,72,3.3385,54.608805,-128.415546,999
5949845,Dease Lake 9,IRI,58,17,15,1.0529,58.472424,-130.025137,999
5949846,Tahltan 1,IRI,0,14,1,1.8325,58.00978,-130.990357,999
5949847,Telegraph Creek,IRI,5,1,1,1.4568,57.917054,-131.14611,999
5951007,Vanderhoof,DM,4480,1791,1705,54.8278,54.015383,-124.002575,998
5951009,Fraser Lake,VL,1167,543,482,4.0672,54.059464,-124.841605,998
5951013,Fort St. James,DM,1691,760,674,23.4746,54.474247,-124.228754,998
5951015,Bulkley-Nechako C,RDA,1429,704,599,25580.7881,55.020315,-125.180218,998
5951017,Bulkley-Nechako D,RDA,1734,1056,756,4403.5759,53.826056,-124.948331,998
5951019,Bulkley-Nechako F,RDA,3702,1660,1355,5396.0167,53.865031,-123.939491,997
5951022,Burns Lake,VL,2029,846,766,6.5945,54.227991,-125.745433,998
5951028,Bulkley-Nechako B,RDA,2102,888,779,3632.0919,54.316245,-125.766687,998
5951031,Bulkley-Nechako E,RDA,1507,872,606,15897.4959,53.778782,-126.000415,998
5951032,Granisle,VL,303,261,169,41.8586,54.973113,-126.216891,999
5951034,Houston,DM,3147,1402,1264,72.937,54.397425,-126.669332,998
5951038,Telkwa,VL,1350,498,497,7.0359,54.682463,-127.054025,998
5951043,Smithers,T,5404,2265,2192,15.2741,54.786424,-127.164601,998
5951051,Bulkley-Nechako A,RDA,5391,2239,2020,3677.8621,54.74656,-127.171009,998
5951053,Bulkley-Nechako G,RDA,975,519,397,14446.675,55.009863,-126.809915,999
5951801,Ye Koo Che 3,IRI,88,46,27,1.9928,54.597814,-125.072587,999
5951802,Nautley (Fort Fraser) 1,IRI,201,67,65,5.0702,54.078689,-124.59923,999
5951803,Nak'azdli (Necoslie 1),IRI,534,204,183,3.108,54.431202,-124.24138,998
5951804,Sowchea 3,IRI,0,1,1,1.0009,54.418363,-124.394325,999
5951805,Binche 2 (Pinchie 2),IRI,111,41,35,4.6356,54.570901,-124.506741,999
5951806,Seaspunkut 4,IRI,15,8,8,2.3977,54.060454,-124.768119,999
5951807,Stellaquo (Stella) 1,IRI,205,71,66,8.3133,54.054993,-124.920018,999
5951809,Stony Creek 1,IRI,332,143,131,26.4068,53.944627,-124.118102,999
5951810,Tache 1,IRI,409,124,107,9.0273,54.652514,-124.732754,998
5951811,Tacla Lake (Ferry Landing) 9,IRI,0,0,0,0.7251,55.320451,-126.02802,999
5951813,Laketown 3,IRI,10,8,6,2.4378,53.924433,-124.181375,999
5951814,Dzitline Lee 9,IRI,15,10,4,5.4426,54.877469,-125.129189,999
5951815,Burns Lake 18,IRI,55,20,19,0.5555,54.238947,-125.767901,999
5951818,Cheslatta 1,IRI,84,52,32,10.8663,54.003972,-125.705644,999
5951819,Omineca 1,IRI,10,1,1,0.5655,53.990128,-125.853826,999
5951820,Palling 1,IRI,5,4,2,0.3176,54.333449,-125.897716,999
5951821,Duncan Lake 2,IRI,10,5,5,0.6661,54.419011,-126.134306,999
5951822,Francois Lake 7,IRI,10,6,3,1.379,54.011658,-125.953134,999
5951823,Skins Lake 16A,IRI,0,3,2,0.6727,53.997504,-125.879453,999
5951824,Skins Lake 16B,IRI,20,7,6,0.6256,53.948444,-125.653616,999
5951825,Tatla West 11,IRI,5,1,1,0.4522,53.987486,-126.494471,999
5951826,Uncha Lake 13A,IRI,5,6,5,0.3758,53.933816,-125.666567,999
5951827,Woyenne 27,IRI,301,76,73,0.146,54.238685,-125.762072,999
5951828,Babine  6,IRI,93,46,31,1.9873,55.323342,-126.618968,999
5951829,Babine 25,IRI,81,49,29,0.4844,54.817087,-126.150055,999
5951830,Jean Baptiste 28,IRI,5,4,4,1.4153,54.747121,-127.016121,999
5951833,Tatla't East 2,IRI,0,1,1,0.7012,53.987966,-126.486132,999
5951840,Williams Prairie Meadow 1A,IRI,10,7,3,0.6788,54.469545,-124.196444,999
5951844,Poison Creek 17A,IRI,0,1,1,0.2194,54.223868,-125.783756,999
5951845,Tadinlay 15,IRI,0,1,0,1.8151,55.069948,-126.50859,999
5951846,Nedoats 11,IRI,0,1,0,3.9981,55.04676,-126.321687,999
5951847,Babine Lake 21B,IRI,0,0,0,0.0207,54.485814,-125.639899,999
5951848,North Tacla Lake,IRI,183,88,57,1.391,55.481022,-125.969248,999
5951849,Mission Lands 17,IRI,0,0,0,0.4754,54.453858,-124.267659,999
5953007,Valemount,VL,1020,592,474,5.1679,52.829016,-119.265819,998
5953012,McBride,VL,586,312,256,4.6359,53.306094,-120.166653,997
5953019,Fraser-Fort George H,RDA,1665,903,686,14939.8962,53.101594,-119.71875,998
5953023,Prince George,CY,71974,31797,29261,318.2579,53.924409,-122.775323,970
5953033,Mackenzie,DM,3507,1890,1513,155.407,55.310931,-123.146622,998
5953038,Fraser-Fort George A,RDA,3362,1477,1281,1381.7175,54.059528,-123.108124,970
5953042,Fraser-Fort George C,RDA,3434,1537,1252,2806.5828,53.654322,-123.074748,970
5953044,Fraser-Fort George D,RDA,4175,1727,1637,668.5591,53.720601,-122.518183,970
5953046,Fraser-Fort George E,RDA,479,269,220,614.8728,53.526711,-122.435563,996
5953048,Fraser-Fort George F,RDA,1207,603,527,12506.1448,53.983947,-121.384135,970
5953050,Fraser-Fort George G,RDA,317,333,152,17259.5965,54.833444,-122.87175,997
5953801,Fort George (Shelley) 2,IRI,80,35,32,5.234,54.019421,-122.62839,970
5953802,McLeod Lake 1,IRI,73,45,42,10.2287,54.957544,-123.055345,998
5955003,Tumbler Ridge,DM,2710,1510,1158,1558.9653,55.065938,-121.084411,998
5955005,Pouce Coupe,VL,738,318,301,2.0584,55.717343,-120.132466,996
5955010,Chetwynd,DM,2635,1119,1027,63.042,55.728551,-121.642938,998
5955014,Dawson Creek,CY,11583,5406,4859,24.3658,55.755283,-120.226496,975
5955021,Peace River D,RDA,5479,2252,2003,11709.2518,54.984411,-120.2288,996
5955023,Peace River E,RDA,2764,1292,1056,16356.2492,55.64799,-121.741412,997
5955025,Hudson's Hope,DM,970,495,417,827.3625,56.051651,-122.046932,997
5955030,Taylor,DM,1373,563,532,17.0856,56.155466,-120.680171,977
5955034,Fort St. John,CY,18609,8238,7480,22.6892,56.241094,-120.827473,977
5955040,Peace River B,RDA,5552,1785,1610,86103.8106,57.188132,-123.096855,997
5955042,Peace River C,RDA,6398,2409,2339,581.0231,56.240658,-120.773502,977
5955801,East Moberly Lake 169,IRI,324,110,103,31.1304,55.845872,-121.627875,998
5955802,West Moberly Lake 168A,IRI,95,47,36,19.377,55.812999,-121.899746,999
5955803,Blueberry River 205,IRI,210,70,66,13.7175,56.702909,-121.094772,998
5955804,Doig River 206,IRI,120,49,46,11.4447,56.573228,-120.495564,999
5955807,Fort Ware 1,IRI,250,90,75,3.8421,57.425937,-125.633945,999
5955808,Halfway River 168,IRI,170,63,60,40.3119,56.475975,-121.869049,999
5955812,Ingenika Point,S-√â,102,38,28,5.6522,56.791164,-124.905182,999
5957022,Stikine Region,RDA,402,462,224,118648.4449,58.199236,-131.151394,998
5957802,Unnamed 10,IRI,15,11,10,0.0314,59.566956,-133.702632,999
5957803,Five Mile Point  3,IRI,49,32,29,10.0222,59.496029,-133.668144,998
5957804,Good Hope Lake,S-√â,0,0,0,0.4692,59.188414,-129.225562,999
5957813,Lower Post,S-√â,105,38,37,0.5575,59.925786,-128.492485,998
5957814,Liard River 3,IRI,58,28,26,3.5789,59.932682,-128.492579,999
5959007,Northern Rockies,RGM,4987,2271,1985,85014.5245,59.100156,-122.919066,998
5959805,Fontas 1,IRI,5,1,1,0.1023,58.283756,-121.710499,999
5959806,Fort Nelson 2,IRI,457,162,143,91.8761,58.797307,-122.6077,998
5959809,Kahntah 3,IRI,0,4,0,0.1714,58.358918,-120.915142,999
5959810,Prophet River 4,IRI,129,57,49,4.3957,58.092562,-122.710688,999